#,Unnamed: 1_level_0,Unnamed: 2_level_0,Unnamed: 3_level_0,Unnamed: 4_level_0,Unnamed: 5_level_0,Unnamed: 6_level_0,Unnamed: 7_level_0,Unnamed: 8_level_0,Unnamed: 9_level_0,Unnamed: 10_level_0,Unnamed: 11_level_0
#,PC Name,No,Type,State,Winning Candidate,Party,Electors,Votes,Turnout,Margin,Margin %
1,Adilabad,36,GEN,Andhra Pradesh,G. Narayan Reddy,Indian National Congress,404283,220383,54.5 %,89085,40.4%
2,Adoni,27,GEN,Andhra Pradesh,Pendekanti Venkatasubbaiah,Indian National Congress,419077,252379,60.2 %,33022,13.1%
3,Agra,433,GEN,Uttar Pradesh [1947 - 1999],Seth Achal Singh,Indian National Congress,433164,275663,63.6 %,54351,19.7%
4,Ahmedabad,120,GEN,Gujarat,Indulal Kanaiyalal Yagnik,Nutan Maha Gujarat Janta Parisha,433392,270346,62.4 %,21592,8.0%
5,Ahmednagar,245,GEN,Maharashtra,Motilal Kundanmal Firodya,Indian National Congress,403913,222091,55.0 %,14038,6.3%
6,Ajmer,346,GEN,Rajasthan,Mukatbehari Lal,Indian National Congress,432778,241488,55.8 %,32143,13.3%
7,Akbarpur,386,SC,Uttar Pradesh [1947 - 1999],Panna Lal,Indian National Congress,430435,216781,50.4 %,45246,20.9%
8,Akola,254,GEN,Maharashtra,Mohammad Mohibbul Haq Mohammad Anwarul Haqm,Indian National Congress,450141,303530,67.4 %,47169,15.5%
9,Aligarh,436,GEN,Uttar Pradesh [1947 - 1999],B. P. Maurya,Republican Party,466414,255696,54.8 %,3025,1.2%
10,Allahabad,416,GEN,Uttar Pradesh [1947 - 1999],Lal Bahadur Shastri,Indian National Congress,446090,245210,55.0 %,68533,27.9%
11,Almora,362,GEN,Uttar Pradesh [1947 - 1999],Jang Bahadur Singh,Indian National Congress,401359,109588,27.3 %,26998,24.6%
12,Alwar,342,GEN,Rajasthan,Kashi Ram,Independent,451563,283094,62.7 %,23116,8.2%
13,Amalapruam,9,SC,Andhra Pradesh,Bayya Suryanarayana Murthy,Indian National Congress,478247,336739,70.4 %,12570,3.7%
14,Ambala,318,SC,Punjab,Chuni Lal,Indian National Congress,439952,271449,61.7 %,35834,13.2%
15,Ambalapuzha,143,GEN,Kerala,P. K. Vasudevan Nair,Communist Party Of India,445802,334846,75.1 %,11233,3.4%
16,Amravati,255,GEN,Maharashtra,Panjabrao Shamrao Deshmukh,Indian National Congress,475329,349649,73.6 %,60372,17.3%
17,Amreli,114,GEN,Gujarat,Jayaben Vajubhai Shah,Indian National Congress,418212,226282,54.1 %,65018,28.7%
18,Amritsar,332,GEN,Punjab,Gurmukh Singh,Indian National Congress,457869,322823,70.5 %,14416,4.5%
19,Amroha,365,GEN,Uttar Pradesh [1947 - 1999],Hifzul Rahman,Indian National Congress,423038,235491,55.7 %,17192,7.3%
20,Anakapalli,5,GEN,Andhra Pradesh,Missula Suryanarayanamurthy,Indian National Congress,427862,265407,62.0 %,16010,6.0%
21,Anand,122,GEN,Gujarat,Kumar Narendrasinh Ranjitsinh Mahida,Swatantra,472873,326364,69.0 %,22729,7.0%
22,Anantpur,25,GEN,Andhra Pradesh,Osman Ali Khan,Indian National Congress,467475,301105,64.4 %,24868,8.3%
23,Angul,307,GEN,Orissa,Harekrushna Mahtab,Indian National Congress,445165,RU,,RU,
24,Aruppukkottai,220,GEN,Madras,U. Muthu Ramalinga Thevar,Forward Block,496604,350870,70.7 %,19853,5.7%
25,Asansol,477,GEN,West Bengal,Atulya Ghosh,Indian National Congress,454700,188992,41.6 %,8844,4.7%
26,Aurangabad,95,GEN,Bihar [1947 - 1999],Lalita Rajya Laxmi,Swatantra,409761,171300,41.8 %,9761,5.7%
27,Aurangabad,269,GEN,Maharashtra,Bhaurao Dagdurao Deshmukh,Indian National Congress,455034,229660,50.5 %,68350,29.8%
28,Ausgram,478,SC,West Bengal,Mono Mohan Das,Indian National Congress,498990,233065,46.7 %,23689,10.2%
29,Autonomous Districts,46,ST,Assam,Gilbert G. Swell,Hill Leaders Conference,320132,153235,47.9 %,35149,22.9%
30,Azamgarh,403,GEN,Uttar Pradesh [1947 - 1999],Ram Harkh,Indian National Congress,437772,220038,50.3 %,11396,5.2%
31,Badagara,133,GEN,Kerala,A. V. Raghavan,Independent,463498,343312,74.1 %,72907,21.2%
32,Bagaha,56,GEN,Bihar [1947 - 1999],Kamal Nath Tewari,Indian National Congress,385005,188598,49.0 %,17174,9.1%
33,Bahraich,391,GEN,Uttar Pradesh [1947 - 1999],Kunwar Ram Singh,Swatantra,443936,173376,39.1 %,2225,1.3%
34,Balaghat,168,GEN,Madhya Pradesh [1947 - 1999],Bholaram Ramaji,Praja Socialist Party,415891,187906,45.2 %,2892,1.5%
35,Balasore,314,GEN,Orissa,Gokulananda Mahanty,Indian National Congress,426296,158368,37.2 %,29559,18.7%
36,Ballia,406,GEN,Uttar Pradesh [1947 - 1999],Murli Manohar,Indian National Congress,425638,219215,51.5 %,35793,16.3%
37,Baloda Bazar,162,SC,Madhya Pradesh [1947 - 1999],Minimata,Indian National Congress,427546,135792,31.8 %,33006,24.3%
38,Balrampur,392,GEN,Uttar Pradesh [1947 - 1999],Subhadra Joshi,Indian National Congress,466671,244330,52.4 %,2052,0.8%
39,Balurghat,450,ST,West Bengal,Sarkar Murmu,Communist Party Of India,476197,275027,57.8 %,9820,3.6%
40,Banaskantha,116,GEN,Gujarat,Joharaben Akabarbhai Chavada,Indian National Congress,441054,207282,47.0 %,54956,26.5%
41,Banda,419,GEN,Uttar Pradesh [1947 - 1999],Savitri Nigam,Indian National Congress,420121,131262,31.2 %,13681,10.4%
42,Bangalore City,291,GEN,Mysore,K. Hanumanthaiah,Indian National Congress,392753,219276,55.8 %,60539,27.6%
43,Banglore,292,GEN,Mysore,H. C. Dasappa,Indian National Congress,424993,290091,68.3 %,24403,8.4%
44,Banka,82,GEN,Bihar [1947 - 1999],Shakuntala Devi,Indian National Congress,412008,164957,40.0 %,37394,22.7%
45,Bankura,476,GEN,West Bengal,Ramgati Bandopadhyay,Indian National Congress,453776,151859,33.5 %,27444,18.1%
46,Bansgaon,397,SC,Uttar Pradesh [1947 - 1999],Mahadeo Prasad,Indian National Congress,449091,181054,40.3 %,49050,27.1%
47,Bansi,396,SC,Uttar Pradesh [1947 - 1999],Sheo Narain,Indian National Congress,398156,195944,49.2 %,52755,26.9%
48,Banswara,349,ST,Rajasthan,Ratan Lal,Indian National Congress,444026,264923,59.7 %,21174,8.0%
49,Bara Banki,389,GEN,Uttar Pradesh [1947 - 1999],Ram Sewak Yadav,Socialist,432123,233201,54.0 %,321,0.1%
50,Baramati,234,GEN,Maharashtra,Gulab Keshav Jedhe,Indian National Congress,394076,202813,51.5 %,61587,30.4%
51,Barasat,455,GEN,West Bengal,Arun Chandra Guha,Indian National Congress,647008,385859,59.6 %,46803,12.1%
52,Bareilly,370,GEN,Uttar Pradesh [1947 - 1999],Brijraj Singh,Jan Sangh,386337,195937,50.7 %,11350,5.8%
53,Barh,89,GEN,Bihar [1947 - 1999],Tarkeshwari Sinha,Indian National Congress,377162,191615,50.8 %,38221,19.9%
54,Barmer,355,GEN,Rajasthan,Tan Singh,Akhil Bharatiya Ram Rajya Parishad,517490,202535,39.1 %,17711,8.7%
55,Baroda,126,GEN,Gujarat,Shrimant Maharaja Fatehsinhrao Pratapsinhrao Gaekwad,Indian National Congress,446026,273079,61.2 %,143972,52.7%
56,Barpeta,50,GEN,Assam,Renuka Devi Barkataki,Indian National Congress,450184,232351,51.6 %,22591,9.7%
57,Barrackpore,456,GEN,West Bengal,Renu Chakraborty,Communist Party Of India,587830,404181,68.8 %,94424,23.4%
58,Basirhat,457,GEN,West Bengal,Humayun Kabir,Indian National Congress,519902,322678,62.1 %,54059,16.8%
59,Bastar,165,ST,Madhya Pradesh [1947 - 1999],Lakhmu Bhawani,Independent,421440,218854,51.9 %,26209,12.0%
60,Basti,394,GEN,Uttar Pradesh [1947 - 1999],Keshava Deva Malaviya,Indian National Congress,414207,215609,52.1 %,18921,8.8%
61,Begusarai,87,GEN,Bihar [1947 - 1999],Mathura Prasad Mishra,Indian National Congress,404740,216821,53.6 %,54720,25.2%
62,Belgaum,275,GEN,Mysore,Balavantrao Nagesharao Datar,Indian National Congress,421032,272951,64.8 %,18077,6.6%
63,Bellary,281,GEN,Mysore,T. Subramanyam,Indian National Congress,481935,299787,62.2 %,11317,3.8%
64,Berhampur,453,GEN,West Bengal,Tridib Kumar Chaudhuri,Revolutionary Socialist Party,533222,300297,56.3 %,27489,9.2%
65,Bettiah,58,SC,Bihar [1947 - 1999],Bhola Raut,Indian National Congress,380043,145637,38.3 %,41790,28.7%
66,Bhadrak,313,SC,Orissa,Kanhu Charan Jena,Indian National Congress,482279,130783,27.1 %,48297,36.9%
67,Bhagalpur,83,GEN,Bihar [1947 - 1999],Bhagwat Jha Azad,Indian National Congress,436725,212747,48.7 %,61129,28.7%
68,Bhandara,258,GEN,Maharashtra,Ramchandra Martand Harjarnavis,Indian National Congress,439103,285916,65.1 %,39949,14.0%
69,Bhanjanagar,299,SC,Orissa,Mohan Nayak,Indian National Congress,403922,48650,12.0 %,34124,70.1%
70,Bharatpur,343,GEN,Rajasthan,Raj Bahadur,Indian National Congress,467434,290787,62.2 %,11891,4.1%
71,Bhatinda,326,SC,Punjab,Dhanna Singh,Akali Dal,483721,322843,66.7 %,58021,18.0%
72,Bhavnagar,115,GEN,Gujarat,Jashvantrai Nanubhai Mehta,Praja Socialist Party,448886,211500,47.1 %,9874,4.7%
73,Bhilwara,352,GEN,Rajasthan,Kalu Lal Shrimali,Indian National Congress,456499,170723,37.4 %,42170,24.7%
74,Bhind,149,SC,Madhya Pradesh [1947 - 1999],Suraj Prasad Alias Surya Prashad,Indian National Congress,467201,238495,51.1 %,2787,1.2%
75,Bhir,266,GEN,Maharashtra,Dwarkadasji Motilalji,Indian National Congress,435591,180582,41.5 %,20529,11.4%
76,Bhiwandi,231,ST,Maharashtra,Shrimant Maharaj Saheb Yashwantro Martanrao Mukane,Indian National Congress,416369,239968,57.6 %,39674,16.5%
77,Bhopal,176,GEN,Madhya Pradesh [1947 - 1999],Maimoona Sultan,Indian National Congress,507527,236088,46.5 %,19306,8.2%
78,Bhubaneswar,309,GEN,Orissa,Raja Purna Chandra Deo Bhanj,Indian National Congress,454994,135778,29.8 %,37494,27.6%
79,Bidar,270,SC,Mysore,Ramachander Veerappa,Indian National Congress,416621,195447,46.9 %,54302,27.8%
80,Bijapur North,272,GEN,Mysore,Rajaram Giridharalal Dubey,Indian National Congress,393246,200408,51.0 %,41996,21.0%
81,Bijapur South,273,GEN,Mysore,Sanganagouda Basanagouda Patil,Indian National Congress,430246,268395,62.4 %,121029,45.1%
82,Bijnor,364,GEN,Uttar Pradesh [1947 - 1999],Prakash Vir Shastri,Independent,400418,269931,67.4 %,49193,18.2%
83,Bikaner,357,GEN,Rajasthan,Karni Singh,Independent,468948,260370,55.5 %,115067,44.2%
84,Bikramganj,93,GEN,Bihar [1947 - 1999],Ram Subhag Singh,Indian National Congress,423247,235421,55.6 %,10664,4.5%
85,Bilaspur,161,GEN,Madhya Pradesh [1947 - 1999],Satya Prakash,Independent,439048,162780,37.1 %,2171,1.3%
86,Bilhaur,425,GEN,Uttar Pradesh [1947 - 1999],Brij Behari Mehrotra,Indian National Congress,447601,228694,51.1 %,5866,2.6%
87,Birbhum,481,SC,West Bengal,Sisir Kumar Saha,Indian National Congress,472551,180916,38.3 %,32404,17.9%
88,Bisauli,368,GEN,Uttar Pradesh [1947 - 1999],Ansar Harvani,Indian National Congress,395128,198322,50.2 %,17163,8.7%
89,Bolangir,302,SC,Orissa,Mahanand Hrushikesh,Ganatantra Parishad,420780,92662,22.0 %,18019,19.4%
90,Bombay City Central North,228,SC,Maharashtra,Narayan Sadoba Kajrolkar,Indian National Congress,505136,317126,62.8 %,54144,17.1%
91,Bombay City Central South,227,GEN,Maharashtra,Vithal Balkrishna Gandhi,Indian National Congress,504610,309456,61.3 %,38578,12.5%
92,Bombay City North,229,GEN,Maharashtra,V. K. Krishna Menon,Indian National Congress,764016,483190,63.2 %,145358,30.1%
93,Bombay City South,226,GEN,Maharashtra,Sadashiv Kanoji Patil,Indian National Congress,423466,247339,58.4 %,100627,40.7%
94,Broach,127,GEN,Gujarat,Chhotubhai Makanbhai Patel,Indian National Congress,429499,293564,68.4 %,28037,9.6%
95,Budaun,369,GEN,Uttar Pradesh [1947 - 1999],Omkar Singh,Jan Sangh,404385,223283,55.2 %,16785,7.5%
96,Bulandsahar,438,GEN,Uttar Pradesh [1947 - 1999],Surendra Pal Singh,Indian National Congress,429674,257956,60.0 %,16954,6.6%
97,Buldana,252,GEN,Maharashtra,Shivaram Rango Rane,Indian National Congress,428466,301310,70.3 %,82179,27.3%
98,Bulsar,130,ST,Gujarat,Nanubhai Nichhabhai Patel,Indian National Congress,471481,304863,64.7 %,3659,1.2%
99,Burdwan,479,GEN,West Bengal,Gurugobinda Basu,Indian National Congress,534273,287685,53.9 %,32470,11.3%
100,Buxar,92,GEN,Bihar [1947 - 1999],Anant Prasad Sharma,Indian National Congress,453468,234087,51.6 %,5516,2.4%
101,Cachar,44,GEN,Assam,Jyotsna Chanda,Indian National Congress,383045,201609,52.6 %,16440,8.2%
102,Calcutta Central,463,GEN,West Bengal,Hirendra Nath Mukherjee,Communist Party Of India,403254,269526,66.8 %,43690,16.2%
103,Calcutta East,462,GEN,West Bengal,Ranendra Nath Sen,Communist Party Of India,471011,320419,68.0 %,43467,13.6%
104,Calcutta North West,464,GEN,West Bengal,Asoke Kumar Sen,Indian National Congress,415122,268078,64.6 %,33378,12.5%
105,Calcutta South West,461,GEN,West Bengal,Indrajit Gupta,Communist Party Of India,432966,292873,67.6 %,10990,3.8%
106,Chail,417,SC,Uttar Pradesh [1947 - 1999],Masuriya Din,Indian National Congress,415664,164522,39.6 %,33879,20.6%
107,Chamarajanagar,294,SC,Mysore,S. M. Siddaiah,Indian National Congress,414982,256966,61.9 %,47398,18.4%
108,Chamba,487,GEN,Himachal Pradesh,Chattar Singh,Indian National Congress,181428,52769,29.1 %,21875,41.5%
109,Chanda,260,GEN,Maharashtra,Lal Shyamshah Lal Bhagwanshah,Independent,424370,278409,65.6 %,42911,15.4%
110,Chandauli,412,GEN,Uttar Pradesh [1947 - 1999],Bal Krishna,Indian National Congress,422338,241171,57.1 %,1785,0.7%
111,Chandni Chowk,483,GEN,Delhi,Sham Nath,Indian National Congress,201891,144048,71.4 %,28948,20.1%
112,Chapra,61,GEN,Bihar [1947 - 1999],Ramsekhar Prasad Singh,Indian National Congress,459344,228117,49.7 %,21204,9.3%
113,Chatra,99,GEN,Bihar [1947 - 1999],Vijaya Raje,Swatantra,379753,148344,39.1 %,35304,23.8%
114,Chatrapur,298,GEN,Orissa,Sarma Ananta Tripathy,Indian National Congress,413107,82677,20.0 %,25215,30.5%
115,Cheepurupalli,3,GEN,Andhra Pradesh,Ravu Venkata Gopalakrishna Ranga Rao,Indian National Congress,410167,270080,65.9 %,24964,9.2%
116,Chhindwara,174,GEN,Madhya Pradesh [1947 - 1999],Bhikulal Lachhmichand,Indian National Congress,462730,179836,38.9 %,29715,16.5%
117,Chidambaram,195,GEN,Madras,R. Kangagosabai,Indian National Congress,457267,327065,71.5 %,4060,1.2%
118,Chikballapur,289,GEN,Mysore,K. Changalaraya Reddy,Indian National Congress,450873,269677,59.8 %,51515,19.1%
119,Chikodi,274,GEN,Mysore,Vasantrao Lakhagounda Patil,Indian National Congress,396721,254055,64.0 %,86776,34.2%
120,Chingleput,188,GEN,Madras,O. V. Alagesan,Indian National Congress,429553,332465,77.4 %,19878,6.0%
121,Chirayinkil,147,GEN,Kerala,M. K. Kumaran,Communist Party Of India,437189,311762,71.3 %,33219,10.7%
122,Chitradurga,282,GEN,Mysore,S. Veerabasappa,Indian National Congress,502170,330704,65.9 %,44849,13.6%
123,Chittor,22,GEN,Andhra Pradesh,Madabhusi Ananthasayanam Ayyangar,Indian National Congress,437788,296142,67.7 %,23964,8.1%
124,Chittorgarh,350,GEN,Rajasthan,Manikyalal,Indian National Congress,423187,179397,42.4 %,20022,11.2%
125,Coimbatore,205,GEN,Madras,P. R. Ramakrishnan,Indian National Congress,509869,398104,78.1 %,42561,10.7%
126,Contai,471,GEN,West Bengal,Basanta Kumar Das,Indian National Congress,513853,332199,64.7 %,85408,25.7%
127,Cooch Behar,446,SC,West Bengal,Debendra Nath Karjee,Forward Block,533835,259577,48.6 %,31760,12.2%
128,Cuddalore,194,GEN,Madras,T. Ramabadra Naidu,Dravida Munetra Kazhagam,479031,324795,67.8 %,35387,10.9%
129,Cuddapah,24,GEN,Andhra Pradesh,Yeddula Eswara Reddy,Communist Party Of India,497180,371945,74.8 %,20867,5.6%
130,Cuttack,310,GEN,Orissa,Nityanand Kanungo,Indian National Congress,484807,162723,33.6 %,23953,14.7%
131,Dahod,125,SC,Gujarat,Hirabhai Kunverbhai Baria,Swatantra,443761,250518,56.5 %,4413,1.8%
132,Daimond Harbour,460,GEN,West Bengal,Sudhanshu Bhushan Das,Indian National Congress,582113,328720,56.5 %,19140,5.8%
133,Damoh,171,SC,Madhya Pradesh [1947 - 1999],Sahodra Bai,Indian National Congress,419223,196144,46.8 %,27975,14.3%
134,Darbhanga,72,GEN,Bihar [1947 - 1999],Shree Narayan Das,Indian National Congress,487848,201729,41.4 %,60337,29.9%
135,Darjeeling,448,GEN,West Bengal,T. Manaen,Indian National Congress,421110,197796,47.0 %,8427,4.3%
136,Darrang,51,GEN,Assam,Bijoy Chandra Bhagabati,Indian National Congress,378754,212851,56.2 %,95796,45.0%
137,Dausa,341,GEN,Rajasthan,Prithvi Raj,Swatantra,418962,250386,59.8 %,89696,35.8%
138,Dehra Dun,445,GEN,Uttar Pradesh [1947 - 1999],Mahavir Tyagi,Indian National Congress,404429,247623,61.2 %,74392,30.0%
139,Delhi Sadar,484,GEN,Delhi,Shiv Charan Gupta,Indian National Congress,234520,167274,71.3 %,23534,14.1%
140,Deoria,401,GEN,Uttar Pradesh [1947 - 1999],Vaishwanath,Indian National Congress,415334,208199,50.1 %,19241,9.2%
141,Dewas,180,SC,Madhya Pradesh [1947 - 1999],Hukumchand,Jan Sangh,438964,240615,54.8 %,7149,3.0%
142,Dhanbad,101,GEN,Bihar [1947 - 1999],P. R. Chakravarti,Indian National Congress,451555,207276,45.9 %,24206,11.7%
143,Dharwar North,278,GEN,Mysore,Sarojini Bindurao Mahishi,Indian National Congress,439047,275322,62.7 %,153550,55.8%
144,Dharwar South,277,GEN,Mysore,Fakruddin Husseinsab Mohasin,Indian National Congress,419192,281286,67.1 %,75240,26.7%
145,Dhenkanal,306,GEN,Orissa,Baishnab Charan Patnaik,Indian National Congress,439926,135057,30.7 %,52288,38.7%
146,Dhubri,47,GEN,Assam,Mau Ghysuddin Ahammad,Indian National Congress,391360,219296,56.0 %,27516,12.5%
147,Dhulia,250,GEN,Maharashtra,Chudaman Ananda Ravandale,Indian National Congress,467691,282407,60.4 %,94855,33.6%
148,Dibrugarh,55,GEN,Assam,Jogendra Nath Hazarika,Indian National Congress,390564,181805,46.6 %,56830,31.3%
149,Dindigul,210,GEN,Madras,T. S. Soundaram Ramachandram,Indian National Congress,461145,331580,71.9 %,53653,16.2%
150,Domariaganj,395,GEN,Uttar Pradesh [1947 - 1999],Kripa Shanker,Indian National Congress,416674,217578,52.2 %,1579,0.7%
151,Dumka,81,ST,Bihar [1947 - 1999],Satya Chandra Besra,Indian National Congress,399218,140848,35.3 %,1085,0.8%
152,Durg,167,GEN,Madhya Pradesh [1947 - 1999],Mohanlal Bakliwal,Indian National Congress,519964,225832,43.4 %,28868,12.8%
153,Eluru,11,GEN,Andhra Pradesh,Viramachaneni Vimaladevi,Communist Party Of India,470098,343907,73.2 %,1469,0.4%
154,Ernakulam,140,GEN,Kerala,A. M. Thomas,Indian National Congress,455280,363493,79.8 %,23399,6.4%
155,Erode,202,GEN,Madras,Paramasiva Gounder,Indian National Congress,478370,352663,73.7 %,39178,11.1%
156,Etah,430,GEN,Uttar Pradesh [1947 - 1999],Bishan Chandra Seth,Akhil Bharatiya Hindu Mahasabha,419948,237064,56.5 %,10614,4.5%
157,Etawah,426,GEN,Uttar Pradesh [1947 - 1999],Gopi Nath Dikshit,Indian National Congress,425674,246979,58.0 %,3139,1.3%
158,Faizabad,387,GEN,Uttar Pradesh [1947 - 1999],Brij Basi Lal,Indian National Congress,399568,198370,49.7 %,10852,5.5%
159,Farrukhabad,427,GEN,Uttar Pradesh [1947 - 1999],Mul Chand,Indian National Congress,475245,249045,52.4 %,14278,5.7%
160,Fatehpur,418,GEN,Uttar Pradesh [1947 - 1999],Gauri Shankar Alias Gauri Babu,Independent,435714,180138,41.3 %,29253,16.2%
161,Ferozepur,327,GEN,Punjab,Iqbal Singh,Indian National Congress,521386,332188,63.7 %,32152,9.7%
162,Firozabad,432,GEN,Uttar Pradesh [1947 - 1999],Shambhu Nath Chaturvedi,Indian National Congress,450593,227824,50.6 %,13239,5.8%
163,Gadwal,29,GEN,Andhra Pradesh,Janumpally Rameshwar Rao,Indian National Congress,447475,268559,60.0 %,15834,5.9%
164,Ganganagar,358,SC,Rajasthan,Panna Lal,Indian National Congress,574159,351807,61.3 %,59620,16.9%
165,Garhwal,361,GEN,Uttar Pradesh [1947 - 1999],Bhakta Darshan,Indian National Congress,391864,148825,38.0 %,33777,22.7%
166,Gauhati,49,GEN,Assam,Hem Borua,Praja Socialist Party,467175,280492,60.0 %,32062,11.4%
167,Gaya,98,GEN,Bihar [1947 - 1999],Brajeshwar Prasad,Indian National Congress,337429,168595,50.0 %,18798,11.1%
168,Gazipur,408,GEN,Uttar Pradesh [1947 - 1999],Viswanath Singh Gahmari,Indian National Congress,399020,219895,55.1 %,36863,16.8%
169,Ghatal,469,GEN,West Bengal,Sachindra Nath Choudhury,Indian National Congress,523928,341324,65.2 %,30838,9.0%
170,Ghatampur,423,SC,Uttar Pradesh [1947 - 1999],Tula Ram,Indian National Congress,442776,218833,49.4 %,21996,10.1%
171,Ghosi,405,GEN,Uttar Pradesh [1947 - 1999],Jai Bahadur,Communist Party Of India,433042,244629,56.5 %,8692,3.6%
172,Giridih,100,GEN,Bihar [1947 - 1999],Thakur Bateshwar Singh,Swatantra,374463,129147,34.5 %,3458,2.7%
173,Goalpara,48,ST,Assam,Dharani Dhor Basumotari,Indian National Congress,429220,229232,53.4 %,30434,13.3%
174,Godda,80,GEN,Bihar [1947 - 1999],Prabhudayal Himmatsingka,Indian National Congress,395448,193437,48.9 %,19585,10.1%
175,Gohichettipalayam,203,GEN,Madras,P. G. Karuthiruman,Indian National Congress,435401,298854,68.6 %,71435,23.9%
176,Gonda,393,GEN,Uttar Pradesh [1947 - 1999],Ram Ratan Gupta,Indian National Congress,437337,206220,47.2 %,498,0.2%
177,Gondia,259,SC,Maharashtra,Balkrishna Ramchandra Wasnik,Indian National Congress,462370,274773,59.4 %,10925,4.0%
178,Gopalganj,59,GEN,Bihar [1947 - 1999],Dwaika Nath Tiwari,Indian National Congress,422101,204989,48.6 %,38617,18.8%
179,Gorakhpur,398,GEN,Uttar Pradesh [1947 - 1999],Sinhasan Singh,Indian National Congress,413275,211551,51.2 %,3260,1.5%
180,Gudivada,12,GEN,Andhra Pradesh,Manganti Ankineedu,Indian National Congress,493266,388490,78.8 %,16734,4.3%
181,Gulbarga,271,GEN,Mysore,Mahadevappa Yeshwantappa,Indian National Congress,413239,184634,44.7 %,8073,4.4%
182,Guna,152,GEN,Madhya Pradesh [1947 - 1999],Ramsahai Shivprasad Pande,Indian National Congress,481461,225007,46.7 %,19726,8.8%
183,Guntur,16,GEN,Andhra Pradesh,Kotha Raghu Ramaiah,Indian National Congress,516008,368813,71.5 %,99942,27.1%
184,Gurdaspur,334,GEN,Punjab,Dewan Chand,Indian National Congress,454322,298900,65.8 %,56498,18.9%
185,Gurgaon,323,GEN,Punjab,Gajraj Singh,Indian National Congress,500008,319542,63.9 %,18418,5.8%
186,Gwalior,150,GEN,Madhya Pradesh [1947 - 1999],Vijaya Raje Scindia,Indian National Congress,431098,236915,55.0 %,148820,62.8%
187,Hajipur,64,GEN,Bihar [1947 - 1999],Rajeshwar Patel,Indian National Congress,421299,259738,61.7 %,21850,8.4%
188,Hamirpur,420,GEN,Uttar Pradesh [1947 - 1999],Mannoo Lal Dwivedi,Indian National Congress,408471,216075,52.9 %,27684,12.8%
189,Hapur,439,GEN,Uttar Pradesh [1947 - 1999],Kamla Chaudhry,Indian National Congress,435947,247270,56.7 %,28633,11.6%
190,Hardoi,376,SC,Uttar Pradesh [1947 - 1999],Kindar Lal,Indian National Congress,451711,194935,43.2 %,23310,12.0%
191,Hassan,286,GEN,Mysore,H. Siddananjappa,Indian National Congress,433487,241184,55.6 %,5815,2.4%
192,Hata,400,GEN,Uttar Pradesh [1947 - 1999],Kashi Nath Pandey,Indian National Congress,430300,224360,52.1 %,66305,29.6%
193,Hatkanangle,239,SC,Maharashtra,Krishnaji Laxman More,Indian National Congress,417516,270195,64.7 %,99683,36.9%
194,Hatras,435,SC,Uttar Pradesh [1947 - 1999],Joti Sarup,Republican Party,447606,254933,57.0 %,2649,1.0%
195,Hazari Bagh,102,GEN,Bihar [1947 - 1999],Basant Narain Singh,Swatantra,395311,127042,32.1 %,46611,36.7%
196,Hindaun,344,GEN,Rajasthan,Tika Ram,Indian National Congress,488123,274043,56.1 %,49105,17.9%
197,Hindupur,26,GEN,Andhra Pradesh,K.V. Ramakrishna Reddy,Indian National Congress,420888,260620,61.9 %,29042,11.1%
198,Hissar,325,GEN,Punjab,Mani Ram,Socialist,567814,356615,62.8 %,27233,7.6%
199,Hooghly,468,GEN,West Bengal,Provat Kar,Communist Party Of India,511620,323968,63.3 %,2643,0.8%
200,Hoshangabad,175,GEN,Madhya Pradesh [1947 - 1999],Hari Vishnu Kamath,Praja Socialist Party,385818,182882,47.4 %,18771,10.3%
201,Hoshiarpur,335,GEN,Punjab,Amar Nath Vidya Alankar,Indian National Congress,484314,319443,66.0 %,10301,3.2%
202,Howrah,465,GEN,West Bengal,Mohammad Elias,Communist Party Of India,534887,333014,62.3 %,3936,1.2%
203,Hydrabad,31,GEN,Andhra Pradesh,Gopal S. Melkote,Indian National Congress,315412,175445,55.6 %,43069,24.5%
204,Indore,179,GEN,Madhya Pradesh [1947 - 1999],Homi Daji,Independent,405346,239465,59.1 %,6293,2.6%
205,Inner Manipur,491,GEN,Manipur,Salam Tombi Singh,Indian National Congress,212925,145368,68.3 %,12316,8.5%
206,Jabalpur,170,GEN,Madhya Pradesh [1947 - 1999],Govind Das,Indian National Congress,396079,204788,51.7 %,55782,27.2%
207,Jahanabad,96,GEN,Bihar [1947 - 1999],Satyabhama Devi,Indian National Congress,436653,231636,53.1 %,34829,15.0%
208,Jainagar,69,GEN,Bihar [1947 - 1999],Yamuna Prasad Mandal,Indian National Congress,471460,213516,45.3 %,29192,13.7%
209,Jaipur,340,GEN,Rajasthan,Gayatri Devi W/o Sawai Mansingh,Swatantra,462468,257454,55.7 %,157692,61.3%
210,Jajpur,311,SC,Orissa,Ramachandra Mallick,Indian National Congress,476679,135346,28.4 %,35697,26.4%
211,Jalaun,422,SC,Uttar Pradesh [1947 - 1999],Ram Sewak,Indian National Congress,424771,245583,57.8 %,35306,14.4%
212,Jalesar,431,GEN,Uttar Pradesh [1947 - 1999],Krishnapal Singh Rao,Swatantra,426279,247891,58.2 %,23348,9.4%
213,Jalgaon,251,GEN,Maharashtra,Julalsing Shankarrao Patil,Indian National Congress,428293,259480,60.6 %,70385,27.1%
214,Jalna,268,GEN,Maharashtra,Ramrao Narayanrao,Indian National Congress,448036,188364,42.0 %,16963,9.0%
215,Jalore,354,GEN,Rajasthan,Harish Chandra,Indian National Congress,444100,174125,39.2 %,44985,25.8%
216,Jalpaiguri,447,GEN,West Bengal,Nalini Ranjan Ghosh,Indian National Congress,521556,270980,52.0 %,24593,9.1%
217,Jamnagar,112,GEN,Gujarat,Manubhai Mansukhlal Shah,Indian National Congress,426809,179812,42.1 %,74152,41.2%
218,Jamshedpur,104,GEN,Bihar [1947 - 1999],Udaikar Mishra,Communist Party Of India,435297,181726,41.8 %,19805,10.9%
219,Jamui,85,SC,Bihar [1947 - 1999],Nayantara Das,Indian National Congress,408420,211878,51.9 %,45796,21.6%
220,Janjgir,160,GEN,Madhya Pradesh [1947 - 1999],Amarsingh,Indian National Congress,443124,154613,34.9 %,31271,20.2%
221,Jaunpur,409,GEN,Uttar Pradesh [1947 - 1999],Brahmjeet,Jan Sangh,413218,249502,60.4 %,7937,3.2%
222,Jhabua,183,ST,Madhya Pradesh [1947 - 1999],Jamunadevi,Indian National Congress,420959,168479,40.0 %,22384,13.3%
223,Jhajjar,322,GEN,Punjab,Jagdev Singh,Haryana Lok Samiti,505869,360204,71.2 %,7662,2.1%
224,Jhalawar,348,GEN,Rajasthan,Brij Raj Singh,Indian National Congress,420382,199386,47.4 %,86992,43.6%
225,Jhansi,421,GEN,Uttar Pradesh [1947 - 1999],Shushila Nayar,Indian National Congress,422940,205656,48.6 %,11090,5.4%
226,Jhargram,473,ST,West Bengal,Subodh Hansda,Indian National Congress,472227,217704,46.1 %,45359,20.8%
227,Jhunjhunu,338,GEN,Rajasthan,Radheyshyam Ramkumar Morarka,Indian National Congress,457451,280791,61.4 %,3460,1.2%
228,Jodhpur,356,GEN,Rajasthan,Laxmi Mal Singhavi,Independent,516529,284810,55.1 %,1634,0.6%
229,Jorhat,53,GEN,Assam,Rajendra Nath Baruah,Praja Socialist Party,404220,196268,48.6 %,907,0.5%
230,Joynagar,458,SC,West Bengal,Paresh Nath Kayal,Indian National Congress,532232,297962,56.0 %,18771,6.3%
231,Jullundur,331,GEN,Punjab,Swaran Singh,Indian National Congress,458320,300406,65.6 %,69081,23.0%
232,Junagadh,113,GEN,Gujarat,Chittaranjan Rugnath Raja,Indian National Congress,423066,217574,51.4 %,67690,31.1%
233,Kaimganj,428,GEN,Uttar Pradesh [1947 - 1999],Prem Kishan Khanna,Indian National Congress,427579,243950,57.1 %,14487,5.9%
234,Kaira,123,GEN,Gujarat,Pravinsinh Natversinh Solanki,Swatantra,436539,283986,65.1 %,12613,4.4%
235,Kairana,443,GEN,Uttar Pradesh [1947 - 1999],Yashpal Singh,Independent,443410,294660,66.5 %,53435,18.1%
236,Kaisarganj,390,GEN,Uttar Pradesh [1947 - 1999],Basant Kunwari,Swatantra,401792,184607,46.0 %,41133,22.3%
237,Kaithal,320,GEN,Punjab,Dev Dutt,Indian National Congress,518275,360791,69.6 %,19603,5.4%
238,Kakinada,8,GEN,Andhra Pradesh,Mosalikanti Thirumala Rao,Indian National Congress,454089,324570,71.5 %,18684,5.8%
239,Kalahandi,301,GEN,Orissa,Pratap Kessari Deo,Ganatantra Parishad,373402,100468,26.9 %,40833,40.6%
240,Kanara,276,GEN,Mysore,Joachim Piedad Alva,Indian National Congress,488300,298758,61.2 %,19869,6.7%
241,Kangra,316,GEN,Punjab,Hem Raj,Indian National Congress,431812,185733,43.0 %,29182,15.7%
242,Kanpur,424,GEN,Uttar Pradesh [1947 - 1999],S. M. Banerjee,Independent,484933,271823,56.1 %,58105,21.4%
243,Karad,241,GEN,Maharashtra,Dajisaheb Ramrao Chavan,Indian National Congress,410517,309241,75.3 %,146778,47.5%
244,Karimganj,45,SC,Assam,Nihar Ranjan Laskar,Indian National Congress,397814,231153,58.1 %,50525,21.9%
245,Karimnagar,37,GEN,Andhra Pradesh,Juvvadi Ramapathi Rao,Indian National Congress,437969,248500,56.7 %,67403,27.1%
246,Karnal,319,GEN,Punjab,Rameshwaranand,Jan Sangh,477020,327861,68.7 %,12710,3.9%
247,Karol Bagh,485,SC,Delhi,Nawal Prabhakar,Indian National Congress,308688,219479,71.1 %,55528,25.3%
248,Karur,211,GEN,Madras,R. Ramanathan Chettiar,Indian National Congress,461862,296273,64.2 %,39156,13.2%
249,Kasergod,131,GEN,Kerala,A. K. Gopalan,Communist Party Of India,460358,308449,67.0 %,83363,27.0%
250,Katihar,78,GEN,Bihar [1947 - 1999],Priya Gupta,Praja Socialist Party,451056,190900,42.3 %,17537,9.2%
251,Katwa,480,GEN,West Bengal,Saradish Roy,Communist Party Of India,519362,277329,53.4 %,35266,12.7%
252,Kavali,19,GEN,Andhra Pradesh,Bezwada Gopala Reddy,Indian National Congress,478746,330499,69.0 %,27963,8.5%
253,Kendrapara,312,GEN,Orissa,Surendranath Dwivedy,Praja Socialist Party,489055,207852,42.5 %,66,0.0%
254,Keonjhar,305,GEN,Orissa,Laxmi Narayan Bhanja Deo,Indian National Congress,370850,65978,17.8 %,10282,15.6%
255,Kesaria,63,GEN,Bihar [1947 - 1999],Bhishma Prasad Yadava,Indian National Congress,389402,171090,43.9 %,49538,29.0%
256,Khagaria,86,GEN,Bihar [1947 - 1999],Jiyalal Mandal,Indian National Congress,431546,231667,53.7 %,61069,26.4%
257,Khajuraho,154,GEN,Madhya Pradesh [1947 - 1999],Ram Sahai,Indian National Congress,469766,203615,43.3 %,16630,8.2%
258,Khamgaon,253,SC,Maharashtra,Laxman Shrawan Bhatkar,Indian National Congress,447158,290264,64.9 %,70423,24.3%
259,Khammam,41,GEN,Andhra Pradesh,T. Lakshikantamma,Indian National Congress,450611,339103,75.3 %,12060,3.6%
260,Khandwa,181,GEN,Madhya Pradesh [1947 - 1999],Maheshdutta,Indian National Congress,449704,242140,53.8 %,49136,20.3%
261,Khargone,182,GEN,Madhya Pradesh [1947 - 1999],Ramchandra Bade,Jan Sangh,456670,213414,46.7 %,35914,16.8%
262,Khed,235,GEN,Maharashtra,Raghunath Keshab Khadilkar,Indian National Congress,414923,233866,56.4 %,70541,30.2%
263,Kheri,373,GEN,Uttar Pradesh [1947 - 1999],Balgovind,Indian National Congress,432335,186441,43.1 %,36979,19.8%
264,Khurja,437,SC,Uttar Pradesh [1947 - 1999],Kanhaiya Lal Balmiki,Indian National Congress,432774,234574,54.2 %,28300,12.1%
265,Kishanganj,76,GEN,Bihar [1947 - 1999],Mohammad Tahir,Indian National Congress,486140,193111,39.7 %,14555,7.5%
266,Koilpatti,221,SC,Madras,S. C. Balakrishnan,Indian National Congress,454673,322810,71.0 %,56332,17.5%
267,Kolaba,232,GEN,Maharashtra,Bhaskar Narayan Dighe,Indian National Congress,368288,215326,58.5 %,29042,13.5%
268,Kolar,290,SC,Mysore,Doddathimmaiah,Indian National Congress,422809,253983,60.1 %,30059,11.8%
269,Kolhapur,238,GEN,Maharashtra,Vishwanath Tukaram Patil,Indian National Congress,391727,244437,62.4 %,63669,26.0%
270,Kopargaon,246,GEN,Maharashtra,Annasaheb Pandurang Shinde,Indian National Congress,394458,239155,60.6 %,66530,27.8%
271,Koppal,280,GEN,Mysore,Shivamurthy Swami Siddappayya Swamy,Lok Sewak Sangh,459762,261846,57.0 %,4281,1.6%
272,Koraput,297,ST,Orissa,Ulaka Ramachandra,Indian National Congress,461502,56155,12.2 %,26249,46.7%
273,Kotah,347,SC,Rajasthan,Unkar Lal,Jan Sangh,469930,211026,44.9 %,13705,6.5%
274,Kottayam,142,GEN,Kerala,Mathew Maniyangadan,Indian National Congress,409662,294598,71.9 %,65286,22.2%
275,Kozhikode,134,GEN,Kerala,C. H. Muhammed Koya,Muslim League,434064,312672,72.0 %,763,0.2%
276,Krishnagiri,198,GEN,Madras,K. Rajaram,Dravida Munetra Kazhagam,473080,270916,57.3 %,8601,3.2%
277,Kumbakonam,215,GEN,Madras,C. R. Pattabiraman,Indian National Congress,451280,339435,75.2 %,10899,3.2%
278,Kurnool,28,GEN,Andhra Pradesh,Yasoda Reddy,Indian National Congress,463818,297743,64.2 %,36914,12.4%
279,Kutch,109,GEN,Gujarat,M. K. S. Himatsinhji Vijarajji,Swatantra,408740,245400,60.0 %,61758,25.2%
280,Lalganj,404,SC,Uttar Pradesh [1947 - 1999],Vishram Prasad,Praja Socialist Party,437040,210731,48.2 %,20547,9.8%
281,Latur,264,SC,Maharashtra,Tulsiram Dashrath,Indian National Congress,455257,246511,54.2 %,61391,24.9%
282,Lohardaga,107,ST,Bihar [1947 - 1999],David Munzni,Swatantra,368021,139811,38.0 %,16370,11.7%
283,Lucknow,380,GEN,Uttar Pradesh [1947 - 1999],B. K. Dhaon,Indian National Congress,407726,238485,58.5 %,30017,12.6%
284,Ludhiana,329,GEN,Punjab,Kapur Singh,Akali Dal,480460,328096,68.3 %,1870,0.6%
285,Machhlishahr,410,SC,Uttar Pradesh [1947 - 1999],Ganpat Ram,Indian National Congress,429365,246531,57.4 %,21928,8.9%
286,Madhubani,70,GEN,Bihar [1947 - 1999],Yogendra Jha,Praja Socialist Party,427660,208348,48.7 %,1912,0.9%
287,Madras North,185,GEN,Madras,P. Srinivasan,Indian National Congress,452645,333737,73.7 %,8849,2.7%
288,Madras South,186,GEN,Madras,K. Manoharan,Dravida Munetra Kazhagam,486728,348526,71.6 %,62146,17.8%
289,Madurai,208,GEN,Madras,N. M. R. Subbaraman,Indian National Congress,487321,364659,74.8 %,17188,4.7%
290,Maharajganj,62,GEN,Bihar [1947 - 1999],Krishnakanta Singh,Indian National Congress,401654,170942,42.6 %,13527,7.9%
291,Maharajganj,399,GEN,Uttar Pradesh [1947 - 1999],Mahadeo Prasad,Indian National Congress,400205,188631,47.1 %,24371,12.9%
292,Mahasamund,163,GEN,Madhya Pradesh [1947 - 1999],Vidya Charan Shukla,Indian National Congress,470198,167272,35.6 %,2792,1.7%
293,Mahasu,489,GEN,Himachal Pradesh,Virbhadra Singh,Indian National Congress,160883,66021,41.0 %,34254,51.9%
294,Mahbubabad,40,GEN,Andhra Pradesh,Etikala Madhusudhan Rao,Indian National Congress,426441,288681,67.7 %,13576,4.7%
295,Mahbubnagar,30,SC,Andhra Pradesh,J.B. Mutyal Rao,Indian National Congress,413872,197179,47.6 %,66320,33.6%
296,Mahendragarh,324,GEN,Punjab,Yudhvir Singh,Jan Sangh,527828,321990,61.0 %,11259,3.5%
297,Mahua,65,SC,Bihar [1947 - 1999],Chandramani Lal Choudhary,Indian National Congress,447690,221987,49.6 %,9962,4.5%
298,Mainpuri,429,GEN,Uttar Pradesh [1947 - 1999],Badshah Gupta,Indian National Congress,424099,248294,58.6 %,804,0.3%
299,Malda,451,GEN,West Bengal,Renuka Ray,Indian National Congress,463938,243644,52.5 %,35821,14.7%
300,Malegaon,248,GEN,Maharashtra,Madhaorao Laxmanrao Jadhao,Indian National Congress,462305,308634,66.8 %,87086,28.2%
301,Mandi,488,GEN,Himachal Pradesh,Lalit Sen,Indian National Congress,193127,76787,39.8 %,26256,34.2%
302,Mandla,169,ST,Madhya Pradesh [1947 - 1999],Mangru Ganu Uike,Indian National Congress,411583,122654,29.8 %,20827,17.0%
303,Mandsaur,184,GEN,Madhya Pradesh [1947 - 1999],Umashanker,Jan Sangh,419484,240294,57.3 %,10855,4.5%
304,Mandvi,128,ST,Gujarat,Chhaganbhai Madaribhai Kedaria,Indian National Congress,462461,267275,57.8 %,61531,23.0%
305,Mandya,293,GEN,Mysore,M. K. Shivananjappa,Indian National Congress,452406,306657,67.8 %,74323,24.2%
306,Mangalore,285,GEN,Mysore,A. Shankara Alva,Indian National Congress,449154,289533,64.5 %,33756,11.7%
307,Manjeri,135,GEN,Kerala,Muhammad Ismail Sahib,Muslim League,431863,247891,57.4 %,4328,1.7%
308,Markapur,18,GEN,Andhra Pradesh,Gujjula Yellamanda Reddy,Communist Party Of India,474652,310167,65.4 %,26827,8.6%
309,Marodabad,366,GEN,Uttar Pradesh [1947 - 1999],Muzaffar,Republican Party,410817,250736,61.0 %,12033,4.8%
310,Masulipatnam,14,GEN,Andhra Pradesh,Mandali Venkataswamy,Independent,475481,356309,74.9 %,4212,1.2%
311,Mathura,434,GEN,Uttar Pradesh [1947 - 1999],Chaudhari Digamber Singh,Indian National Congress,458887,249016,54.3 %,26884,10.8%
312,Mathurapur,459,SC,West Bengal,Purnendu Sekhar Naskar,Indian National Congress,526343,336667,64.0 %,7266,2.2%
313,Mavilekara,145,SC,Kerala,Achuthan,Indian National Congress,422829,307516,72.7 %,7288,2.4%
314,Mayuram,216,SC,Madras,Maragatham,Indian National Congress,449027,338225,75.3 %,43271,12.8%
315,Mayurbhanj,315,ST,Orissa,Maheswar Naik,Indian National Congress,438667,77946,17.8 %,7279,9.3%
316,Medak,34,GEN,Andhra Pradesh,P. Hanumantha Rao,Indian National Congress,414481,202286,48.8 %,19132,9.5%
317,Mehsana,118,GEN,Gujarat,Mansinh Prithviraj Patel,Indian National Congress,446979,312287,69.9 %,6938,2.2%
318,Melur,209,SC,Madras,P. Maruthaiah,Indian National Congress,421613,310541,73.7 %,12919,4.2%
319,Merut,440,GEN,Uttar Pradesh [1947 - 1999],Shah Nawaz Khan,Indian National Congress,416209,261771,62.9 %,45155,17.2%
320,Midnapur,472,GEN,West Bengal,Gobinda Kumar Singhu,Indian National Congress,504481,274849,54.5 %,37419,13.6%
321,Miraj,240,GEN,Maharashtra,Vijayhsinhrao Ramrao Dafle,Indian National Congress,457931,312552,68.3 %,145642,46.6%
322,Miryalguda,43,SC,Andhra Pradesh,Laxmi Dass,Communist Party Of India,453828,288144,63.5 %,26565,9.2%
323,Mirzapur,414,GEN,Uttar Pradesh [1947 - 1999],Shyamdhar Misra,Indian National Congress,410119,240773,58.7 %,15855,6.6%
324,Misrikh,374,SC,Uttar Pradesh [1947 - 1999],Gokaran,Jan Sangh,460807,212484,46.1 %,8917,4.2%
325,Moga,328,SC,Punjab,Buta Singh,Akali Dal,459407,323060,70.3 %,30457,9.4%
326,Mohanlalganj,379,SC,Uttar Pradesh [1947 - 1999],Ganga Devi,Indian National Congress,413539,191060,46.2 %,44210,23.1%
327,Monghyr,84,GEN,Bihar [1947 - 1999],Banarsi Prasad Sinha,Indian National Congress,374823,201355,53.7 %,49901,24.8%
328,Motihari,57,SC,Bihar [1947 - 1999],Bibhuti Mishra,Indian National Congress,379579,182534,48.1 %,58992,32.3%
329,Mukundapuram,139,GEN,Kerala,Govinda Menon Panampilli,Indian National Congress,457338,367449,80.4 %,38451,10.5%
330,Murshidabad,452,GEN,West Bengal,Syed Badrudduja,Independent,486451,226548,46.6 %,19836,8.8%
331,Musafirkhana,384,GEN,Uttar Pradesh [1947 - 1999],Kunwar Rananjai Singh,Indian National Congress,395994,168885,42.7 %,50194,29.7%
332,Muvattupuzha,141,GEN,Kerala,Cherian,Indian National Congress,467654,296137,63.3 %,24648,8.3%
333,Muzaffarnagar,442,GEN,Uttar Pradesh [1947 - 1999],Sumat Prasad,Indian National Congress,403385,231177,57.3 %,17721,7.7%
334,Muzaffarpur,66,GEN,Bihar [1947 - 1999],Digvijoy Narain Singh,Indian National Congress,464546,224877,48.4 %,50000,22.2%
335,Mysore,295,GEN,Mysore,M. Shankaraiya,Indian National Congress,433122,240484,55.5 %,57906,24.1%
336,Nagapattinam,217,GEN,Madras,Gopalsamy Thenkondar,Indian National Congress,448355,361753,80.7 %,32417,9.0%
337,Nagaur,359,GEN,Rajasthan,Surendra Kumar Dey,Indian National Congress,530673,286508,54.0 %,30884,10.8%
338,Nagercoil,225,GEN,Madras,A. Nesamony,Indian National Congress,430947,287092,66.6 %,75621,26.3%
339,Nagpur,257,GEN,Maharashtra,Madhao Shrihari Aney,Independent,490679,337061,68.7 %,46868,13.9%
340,Naini Tal,363,GEN,Uttar Pradesh [1947 - 1999],Krishna Chandra Pant Alias Raja,Indian National Congress,445295,244100,54.8 %,64643,26.5%
341,Nalanda,88,GEN,Bihar [1947 - 1999],Sidheshwar Prasad,Indian National Congress,453708,228036,50.3 %,36914,16.2%
342,Nalgonda,42,GEN,Andhra Pradesh,Ravi Narayana Reddy,Communist Party Of India,446641,293918,65.8 %,33396,11.4%
343,Namakkal,201,SC,Madras,V. K. Ramaswamy,Indian National Congress,408580,277601,67.9 %,8951,3.2%
344,Nanded,263,GEN,Maharashtra,Tulshidas Subhanrao Jadhav,Indian National Congress,464287,256813,55.3 %,59242,23.1%
345,Nandurbar,249,ST,Maharashtra,Laxman Vedu Valvi,Indian National Congress,401769,203872,50.7 %,55950,27.4%
346,Narasapur,10,GEN,Andhra Pradesh,Datla Balaramaraju,Indian National Congress,478392,369317,77.2 %,14669,4.0%
347,Narsipatnam,6,ST,Andhra Pradesh,Matcharasa Matcharaju,Indian National Congress,407319,201536,49.5 %,1347,0.7%
348,Nasik,247,GEN,Maharashtra,Govind Hari Deshpande,Indian National Congress,373284,202263,54.2 %,59654,29.5%
349,Nawada,97,SC,Bihar [1947 - 1999],Ramdhani Das,Indian National Congress,420933,203376,48.3 %,71394,35.1%
350,Nebadwip,454,GEN,West Bengal,Haripada Chattopadhyay,Independent,547996,301179,55.0 %,13237,4.4%
351,Nellore,20,SC,Andhra Pradesh,B. Anjanappa,Indian National Congress,480699,344137,71.6 %,71905,20.9%
352,New Delhi,482,GEN,Delhi,Mehr Chand Khanna,Indian National Congress,268661,173042,64.4 %,31595,18.3%
353,Nilgiris,204,GEN,Madras,Akkamma Devi,Indian National Congress,450481,322235,71.5 %,88121,27.3%
354,Nizamabad,35,GEN,Andhra Pradesh,H.C. Heda,Indian National Congress,444598,243091,54.7 %,27020,11.1%
355,Nowgong,52,GEN,Assam,Liladhar Kotoki,Indian National Congress,471350,250915,53.2 %,24975,10.0%
356,Nowrangpur,296,GEN,Orissa,Rachakonda Jaganath Rao,Indian National Congress,420286,62814,15.0 %,4939,7.9%
357,Ongole,17,GEN,Andhra Pradesh,Madala Narayanaswamy,Communist Party Of India,513758,331215,64.5 %,2343,0.7%
358,Osmanabad,265,GEN,Maharashtra,Tulsiram Abaji Patil,Indian National Congress,432197,248876,57.6 %,12374,5.0%
359,Outer Delhi,486,GEN,Delhi,Braham Prakash,Indian National Congress,331600,221042,66.7 %,21553,9.8%
360,Outer Manipur,492,ST,Manipur,Rishang,Socialist,192285,119402,62.1 %,42,0.0%
361,Padapalli,38,SC,Andhra Pradesh,M.R. Krishna,Indian National Congress,412742,225780,54.7 %,84021,37.2%
362,Palamau,108,GEN,Bihar [1947 - 1999],Shashank Manjari,Swatantra,386107,146465,37.9 %,44609,30.5%
363,Palghat,136,SC,Kerala,Kunhan Patinjara Veetilpadi,Communist Party Of India,417640,211136,50.6 %,72335,34.3%
364,Pali,353,GEN,Rajasthan,Jaswant Raj Mehta,Indian National Congress,483809,230975,47.7 %,19259,8.3%
365,Panchmahals,124,GEN,Gujarat,Dahyabhai Jivanji Naik,Indian National Congress,408271,199777,48.9 %,16233,8.1%
366,Pandharpur,244,SC,Maharashtra,Tayappa Hari Sonavane,Indian National Congress,446047,238807,53.5 %,45332,19.0%
367,Parbhani,267,GEN,Maharashtra,Shivajirao Shankarrao Deshmukh,Indian National Congress,432162,187930,43.5 %,28505,15.2%
368,Parvathipuram,2,ST,Andhra Pradesh,Biddika Satyanarayana,Indian National Congress,420816,236178,56.1 %,39372,16.7%
369,Patan,119,GEN,Gujarat,Purushottamdas Ranchhoddas Patel,Indian National Congress,389956,228791,58.7 %,68013,29.7%
370,Patiala,336,GEN,Punjab,Hukum Singh,Indian National Congress,524087,345275,65.9 %,10086,2.9%
371,Patna,90,GEN,Bihar [1947 - 1999],Ramdulari Devi,Indian National Congress,400456,232856,58.2 %,25082,10.8%
372,Perambalur,213,GEN,Madras,Era Sezhiyan,Dravida Munetra Kazhagam,473412,348885,73.7 %,55390,15.9%
373,Periyakulam,207,GEN,Madras,Malaichamy Thevar,Indian National Congress,444152,311023,70.0 %,2899,0.9%
374,Phillaur,330,SC,Punjab,Sadhu Ram,Indian National Congress,487433,322682,66.2 %,9619,3.0%
375,Phulbani,300,ST,Orissa,Rajendra Kohor,Ganatantra Parishad,399384,55598,13.9 %,3275,5.9%
376,Phulpur,415,GEN,Uttar Pradesh [1947 - 1999],Jawahar Lal Nehru,Indian National Congress,409292,201823,49.3 %,64571,32.0%
377,Pilibhit,371,GEN,Uttar Pradesh [1947 - 1999],Mohan Swaroop,Praja Socialist Party,421503,211738,50.2 %,4432,2.1%
378,Pollachi,206,GEN,Madras,C. Subramaniam,Indian National Congress,448744,326288,72.7 %,100097,30.7%
379,Poona,233,GEN,Maharashtra,Shankarrao Shantaram More,Indian National Congress,434811,278463,64.0 %,48406,17.4%
380,Poonani,137,GEN,Kerala,Imbichi Bava Ezhukudikkal,Communist Party Of India,411076,263593,64.1 %,57799,21.9%
381,Pratapgarh,383,GEN,Uttar Pradesh [1947 - 1999],Ajit Pratap Singh,Jan Sangh,394871,208936,52.9 %,23704,11.3%
382,Pudukkottai,214,GEN,Madras,R. Umanath,Communist Party Of India,446368,309446,69.3 %,30218,9.8%
383,Pupri,68,GEN,Bihar [1947 - 1999],Sashiranjan Prasad Sah,Indian National Congress,415653,234633,56.5 %,18772,8.0%
384,Puri,308,GEN,Orissa,Bibudhendra Misra,Indian National Congress,475128,145148,30.6 %,29565,20.4%
385,Purnea,77,GEN,Bihar [1947 - 1999],Phani Gopal Sen Gupta,Indian National Congress,503100,224636,44.7 %,69791,31.1%
386,Purulia,474,GEN,West Bengal,Bhajahari Mahato,Lok Sewak Sangh,428535,168297,39.3 %,7413,4.4%
387,Qullon,146,GEN,Kerala,Sreekantan Nair,Revolutionary Socialist Party,442109,339363,76.8 %,64955,19.1%
388,Rae Bareli,381,SC,Uttar Pradesh [1947 - 1999],Baijnath Kureel,Indian National Congress,422089,206809,49.0 %,14268,6.9%
389,Raichur,279,GEN,Mysore,Jagannath Rao Venkata Rao Chandriki,Indian National Congress,436535,187076,42.9 %,15325,8.2%
390,Raiganj,449,GEN,West Bengal,Chapala Kanta Bhattacharjee,Indian National Congress,455919,200085,43.9 %,29403,14.7%
391,Raigarh,159,GEN,Madhya Pradesh [1947 - 1999],Raja Vijaya Bhusan Singh Deo,Akhil Bharatiya Ram Rajya Parishad,438535,200279,45.7 %,9117,4.6%
392,Raipur,164,ST,Madhya Pradesh [1947 - 1999],Keshar Kumari Devi,Indian National Congress,458195,254538,55.6 %,15391,6.0%
393,Rajahmundry,7,ST,Andhra Pradesh,Datla Satyanarayana Raju,Indian National Congress,450040,328655,73.0 %,123374,37.5%
394,Rajampet,23,GEN,Andhra Pradesh,C.L. Narasimha Reddy,Swatantra,442554,301705,68.2 %,17265,5.7%
395,Rajapur,237,GEN,Maharashtra,Nath Bapu Pai,Praja Socialist Party,358888,168840,47.1 %,27943,16.5%
396,Rajgarh,177,GEN,Madhya Pradesh [1947 - 1999],Bhanuprakash Singh,Independent,422942,180181,42.6 %,26086,14.5%
397,Rajkot,111,GEN,Gujarat,Uchharangrai Navalshanker Dhebar,Indian National Congress,390228,196430,50.3 %,41033,20.9%
398,Rajmahal,79,SC,Bihar [1947 - 1999],Iswar Marandi,Jharkhand Party,389321,149409,38.4 %,18676,12.5%
399,Rajnandgaon,166,GEN,Madhya Pradesh [1947 - 1999],Birendra Bahadur Singh,Indian National Congress,440331,182114,41.4 %,23968,13.2%
400,Ramanathapuram,219,GEN,Madras,N. Arunachalam,Indian National Congress,517361,363620,70.3 %,30883,8.5%
401,Rampur,367,GEN,Uttar Pradesh [1947 - 1999],Ahmad Mahdi,Indian National Congress,421922,208136,49.3 %,43695,21.0%
402,Ramsanehighat,388,SC,Uttar Pradesh [1947 - 1999],Swami Rama Nand,Indian National Congress,419365,208662,49.8 %,1926,0.9%
403,Ramtek,256,GEN,Maharashtra,Madhaolrao Bhagwantrao Patil,Indian National Congress,451896,322302,71.3 %,41302,12.8%
404,Ranchi East,103,GEN,Bihar [1947 - 1999],Prashanta Kumar Ghosh,Swatantra,373768,142294,38.1 %,5023,3.5%
405,Ranchi West,106,ST,Bihar [1947 - 1999],Jaipal Singh,Jharkhand Party,421139,211113,50.1 %,50878,24.1%
406,Rasra,407,GEN,Uttar Pradesh [1947 - 1999],Sarjoo Pandey,Communist Party Of India,440724,236382,53.6 %,8779,3.7%
407,Ratnagiri,236,GEN,Maharashtra,Sharada Shubroto Mukarji,Indian National Congress,370560,174020,47.0 %,43756,25.1%
408,Rewa,155,GEN,Madhya Pradesh [1947 - 1999],Shiv Dutta,Indian National Congress,448725,212680,47.4 %,14175,6.7%
409,Robertganj,413,SC,Uttar Pradesh [1947 - 1999],Ram Sarup,Indian National Congress,412895,181910,44.1 %,25841,14.2%
410,Rohtak,321,GEN,Punjab,Lehri Singh,Jan Sangh,477391,348401,73.0 %,20107,5.8%
411,Rosera,73,SC,Bihar [1947 - 1999],Rameshwar Sahu,Indian National Congress,431956,185973,43.1 %,67845,36.5%
412,Sabarkantha,117,GEN,Gujarat,Gulzarilal Bulakhidas Nanda,Indian National Congress,417575,264084,63.2 %,24609,9.3%
413,Sabarmati,121,SC,Gujarat,Muldas Bhudardas Vaishya,Indian National Congress,454460,274322,60.4 %,44211,16.1%
414,Sagar,172,GEN,Madhya Pradesh [1947 - 1999],Jawala Prasad Jhumaklal,Indian National Congress,428923,196730,45.9 %,34005,17.3%
415,Saharanpur,444,SC,Uttar Pradesh [1947 - 1999],Sunder Lal,Indian National Congress,425001,243423,57.3 %,56350,23.1%
416,Saharsa,74,GEN,Bihar [1947 - 1999],Bhupendra Narayan Mandal,Socialist,426782,206752,48.4 %,15133,7.3%
417,Salem,199,GEN,Madras,S. V. Ramaswamy,Indian National Congress,440434,306635,69.6 %,11738,3.8%
418,Salempur,402,GEN,Uttar Pradesh [1947 - 1999],Vishwanath Pandey,Indian National Congress,455603,209268,45.9 %,24483,11.7%
419,Salon,382,GEN,Uttar Pradesh [1947 - 1999],Raja Dinesh Singh,Indian National Congress,411063,196405,47.8 %,33559,17.1%
420,Samastipur,71,GEN,Bihar [1947 - 1999],Satya Naryan Sinha,Indian National Congress,383747,208396,54.3 %,21550,10.3%
421,Sambalpur,303,GEN,Orissa,Kisan Pattanayak,Socialist,433181,93275,21.5 %,2368,2.5%
422,Sangrur,337,GEN,Punjab,Ranjit Singh,Indian National Congress,504307,352881,70.0 %,17269,4.9%
423,Sardhana,441,GEN,Uttar Pradesh [1947 - 1999],Krishan Chandra Sharma,Indian National Congress,440370,260224,59.1 %,14669,5.6%
424,Sasaram,94,SC,Bihar [1947 - 1999],Jagjivan Ram,Indian National Congress,416753,261839,62.8 %,53995,20.6%
425,Satara,242,GEN,Maharashtra,Kisan Mahadeo Veer,Indian National Congress,424447,270932,63.8 %,103691,38.3%
426,Sawai Madhopur,345,SC,Rajasthan,Kesar Lal,Swatantra,507959,271782,53.5 %,66772,24.6%
427,Secunderabad,32,GEN,Andhra Pradesh,Ahmed Mohiuddin,Indian National Congress,380287,198200,52.1 %,24570,12.4%
428,Seoni,173,ST,Madhya Pradesh [1947 - 1999],Narayanrao Maniram Wadiwa,Indian National Congress,417744,164776,39.4 %,16665,10.1%
429,Serampore,467,GEN,West Bengal,Dinendra Nath Bhattacharya,Communist Party Of India,521686,343698,65.9 %,10862,3.2%
430,Shahabad,91,GEN,Bihar [1947 - 1999],Bali Ram Bhagat,Indian National Congress,415615,224985,54.1 %,84327,37.5%
431,Shahabad,377,GEN,Uttar Pradesh [1947 - 1999],Yuvraj Dutt Singh,Jan Sangh,453591,218728,48.2 %,7300,3.3%
432,Shahdol,157,ST,Madhya Pradesh [1947 - 1999],Buddhu Singh,Socialist,458324,141011,30.8 %,3667,2.6%
433,Shahjahanpur,372,SC,Uttar Pradesh [1947 - 1999],Lakhan Das,Independent,417272,172653,41.4 %,17975,10.4%
434,Shimoga,283,GEN,Mysore,S. V. Krishnamoorthy Rao,Indian National Congress,474616,270552,57.0 %,13747,5.1%
435,Shivpuri,151,GEN,Madhya Pradesh [1947 - 1999],Vedehi Charan,Indian National Congress,441893,190415,43.1 %,9939,5.2%
436,Sholapur,243,GEN,Maharashtra,Madeppa Beandappa Kadadi,Indian National Congress,426718,266546,62.5 %,73286,27.5%
437,Sibsagar,54,GEN,Assam,Prafulla Chandra Baruah,Indian National Congress,458998,218312,47.6 %,54464,24.9%
438,Sidhi,156,GEN,Madhya Pradesh [1947 - 1999],Anand Chandra,Indian National Congress,436817,170684,39.1 %,8029,4.7%
439,Sikar,339,GEN,Rajasthan,Rameshwarlal Tantia,Indian National Congress,465424,265781,57.1 %,33107,12.5%
440,Singhbhum,105,ST,Bihar [1947 - 1999],Haricharan Soy,Jharkhand Party,413797,134415,32.5 %,17638,13.1%
441,Sirmur,490,SC,Himachal Pradesh,Partap Singh,Indian National Congress,176158,57388,32.6 %,22617,39.4%
442,Sitamarhi,67,GEN,Bihar [1947 - 1999],Nagindra Pd. Yadab,Indian National Congress,455960,249150,54.6 %,33515,13.5%
443,Sitapur,375,GEN,Uttar Pradesh [1947 - 1999],Suraj Lal,Jan Sangh,471972,218993,46.4 %,3377,1.5%
444,Siwan,60,GEN,Bihar [1947 - 1999],Md. Yusuf,Indian National Congress,424260,199078,46.9 %,35729,17.9%
445,Sonbarsa,75,SC,Bihar [1947 - 1999],Tulmohan Ram,Indian National Congress,402111,197517,49.1 %,58223,29.5%
446,Srikakulam,1,GEN,Andhra Pradesh,Boddipalli Rajagopala Row,Indian National Congress,443080,273876,61.8 %,31815,11.6%
447,Sriperumbudur,187,SC,Madras,P. Sivasankaran,Dravida Munetra Kazhagam,465133,310362,66.7 %,15372,5.0%
448,Sultanpur,385,GEN,Uttar Pradesh [1947 - 1999],Kunwar Krishna,Indian National Congress,396316,170998,43.2 %,32551,19.0%
449,Sundergarh,304,ST,Orissa,Yagnyanarayan Singha,Ganatantra Parishad,476109,122864,25.8 %,6075,4.9%
450,Surat,129,GEN,Gujarat,Morarji Ranchhodji Desai,Indian National Congress,417377,250692,60.1 %,99031,39.5%
451,Surendranagar,110,GEN,Gujarat,Ghanshyambhai Chhotalal Oza,Indian National Congress,437334,237383,54.3 %,42051,17.7%
452,Surguja,158,ST,Madhya Pradesh [1947 - 1999],Babunath Singh,Indian National Congress,427701,128552,30.1 %,21277,16.6%
453,Tamluk,470,GEN,West Bengal,Satis Chandra Samanta,Indian National Congress,498514,364835,73.2 %,36621,10.0%
454,Tarn Taran,333,GEN,Punjab,Surjit Singh Majithia,Indian National Congress,472472,326394,69.1 %,1990,0.6%
455,Tehri Garhawal,360,GEN,Uttar Pradesh [1947 - 1999],Manabendra Shah,Indian National Congress,415051,RU,,RU,
456,Tellicherry,132,GEN,Kerala,S. K. Pottekkatt,Independent,501672,375373,74.8 %,64950,17.3%
457,Tenali,15,GEN,Andhra Pradesh,Kolla Venkaiah,Communist Party Of India,479831,364145,75.9 %,23927,6.6%
458,Tenkasai,223,GEN,Madras,M. P. Swamy,Indian National Congress,458052,332297,72.6 %,71440,21.5%
459,Thana,230,GEN,Maharashtra,Sonubhau Dagadu Baswant,Indian National Congress,442152,283129,64.0 %,71643,25.3%
460,Thanjavur,218,GEN,Madras,Vairava Thevar,Indian National Congress,453163,340997,75.3 %,28073,8.2%
461,Thiruvalla,144,GEN,Kerala,G. Ravindra Varma,Indian National Congress,436674,307567,70.4 %,74064,24.1%
462,Tikamgarh,153,SC,Madhya Pradesh [1947 - 1999],Kure Mate,Praja Socialist Party,450112,236527,52.6 %,31288,13.2%
463,Tindivanam,193,GEN,Madras,R. Venkatasubba Reddiar,Indian National Congress,441497,284008,64.3 %,14297,5.0%
464,Tiptur,287,GEN,Mysore,C. R. Basappa,Indian National Congress,458300,278780,60.8 %,8096,2.9%
465,Tiruchendur,224,GEN,Madras,T. T. Krishnamachari,Indian National Congress,460766,RU,,RU,
466,Tiruchengode,200,GEN,Madras,P. Subbarayan,Indian National Congress,416657,258387,62.0 %,12164,4.7%
467,Tiruchirapali,212,GEN,Madras,K. Anada Nambiar,Communist Party Of India,438690,336022,76.6 %,9374,2.8%
468,Tirukoilur,196,SC,Madras,L. Elaya Perumal,Indian National Congress,437767,263759,60.3 %,17700,6.7%
469,Tirunelveli,222,GEN,Madras,Muthiah,Indian National Congress,470895,327373,69.5 %,22019,6.7%
470,Tirupathi,21,SC,Andhra Pradesh,C. Dass,Indian National Congress,383042,229016,59.8 %,17048,7.4%
471,Tiruppattur,197,GEN,Madras,R. Muthu Gounder,Dravida Munetra Kazhagam,453447,306141,67.5 %,33635,11.0%
472,Tiruvallur,189,GEN,Madras,V. Govindaswamy Naidu,Indian National Congress,484018,341257,70.5 %,13435,3.9%
473,Tiruvannamalai,192,GEN,Madras,Dharmalingam,Dravida Munetra Kazhagam,449968,299735,66.6 %,3726,1.2%
474,Trichur,138,GEN,Kerala,Krishna Warriar,Communist Party Of India,438212,332642,75.9 %,5827,1.8%
475,Tripura East,494,ST,Tripura,Dasaratha Deb,Communist Party Of India,239516,157624,65.8 %,10048,6.4%
476,Tripura West,493,GEN,Tripura,Birendra Chandra Dutta,Communist Party Of India,241093,168981,70.1 %,16989,10.1%
477,Trivanduram,148,GEN,Kerala,Nataraja Pillai,Independent,470222,328141,69.8 %,10458,3.2%
478,Tumkur,288,GEN,Mysore,M. V. Krishnappa,Indian National Congress,425051,264046,62.1 %,48893,18.5%
479,Udaipur,351,ST,Rajasthan,Dhuleshwar,Indian National Congress,425702,183370,43.1 %,25216,13.8%
480,Udipi,284,GEN,Mysore,U. Srinivasa Mallaya,Indian National Congress,423300,241479,57.1 %,12866,5.3%
481,Ujjain,178,GEN,Madhya Pradesh [1947 - 1999],Radhelal Vyas,Indian National Congress,443172,226518,51.1 %,28671,12.7%
482,Uluberia,466,GEN,West Bengal,Punendu Khan,Indian National Congress,533776,302042,56.6 %,10975,3.6%
483,Una,317,SC,Punjab,Daljit Singh,Indian National Congress,511585,281201,55.0 %,70222,25.0%
484,Unnao,378,GEN,Uttar Pradesh [1947 - 1999],Krishna Deo Alias Munnoo,Indian National Congress,454579,196367,43.2 %,44136,22.5%
485,Varanasi,411,GEN,Uttar Pradesh [1947 - 1999],Raghunath Singh,Indian National Congress,429474,271785,63.3 %,45907,16.9%
486,Vellore,190,GEN,Madras,Abdull Wahid,Indian National Congress,434404,291327,67.1 %,23966,8.2%
487,Vicarabad,33,GEN,Andhra Pradesh,Sangam Lakshimi Bai,Indian National Congress,419557,216242,51.5 %,79100,36.6%
488,Vijaywada,13,GEN,Andhra Pradesh,K.L.Rao,Indian National Congress,449300,354882,79.0 %,22983,6.5%
489,Visakhapatnam,4,GEN,Andhra Pradesh,Vijaya Ananada,Indian National Congress,397925,235021,59.1 %,91142,38.8%
490,Vishnupur,475,SC,West Bengal,Pashupati Mandal,Indian National Congress,470471,214661,45.6 %,52251,24.3%
491,Wandiwash,191,SC,Madras,Jayaraman,Indian National Congress,416676,294837,70.8 %,10797,3.7%
492,Wardha,261,GEN,Maharashtra,Kamalnayan Jamnalal Bajaj,Indian National Congress,493191,340328,69.0 %,38041,11.2%
493,Warrangal,39,GEN,Andhra Pradesh,Bakar Ali Mirza,Indian National Congress,408061,252243,61.8 %,736,0.3%
494,Yeotmal,262,GEN,Maharashtra,Deorao Shioram Patil,Indian National Congress,407055,315529,77.5 %,103736,32.9%
