pc name,no,type,state,winning candidate,party,electors,votes,turnout,UID
Dehra Dun Distt Cum Bijnor Distt (NORTH WEST) CUM SAHARANPUR DISTRICT (WEST),208,GEN,Uttar Pradesh [1947 - 1999],Mahavir Tyagi,Indian National Congress,373627,191655,51.3 %,UP1952PC208
Adilabad,317,GEN,Hyderabad,C. Madhav Reddy,Socialist Party,351017,156907,44.7 %,TG1952PC317
Agra District (EAST),227,GEN,Uttar Pradesh [1947 - 1999],Raghubir Singh,Indian National Congress,376255,156403,41.6 %,UP1952PC227
Agra District (WEST),226,GEN,Uttar Pradesh [1947 - 1999],Achal Singh Seth,Indian National Congress,374135,177414,47.4 %,UP1952PC226
Ahmedabad,60,GEN,Bombay,Mavlankar Ganesh Vasudeo,Indian National Congress,727815,726462,49.9 %,MH1952PC60
Ahmedabad,60,GEN,Bombay,Vaishya Muldas Bhudardas,Indian National Congress,727815,726462,49.9 %,MH1952PC60
Ahmednagar North,67,GEN,Bombay,Kanavade Pandharinath Ramchandra,Indian National Congress,394577,184024,46.6 %,MH1952PC67
Ahmednagar South,68,GEN,Bombay,Bogavat Uttamchand Ramchand,Indian National Congress,386878,156054,40.3 %,MH1952PC68
Ajmer North,381,GEN,Ajmer,Jawala Prashad,Indian National Congress,162327,97165,59.9 %,RJ1952PC381
Ajmer South,382,GEN,Ajmer,Mukat Behari Lal,Indian National Congress,167157,81834,49.0 %,RJ1952PC382
Aligarh District,225,GEN,Uttar Pradesh [1947 - 1999],Nardeo Ji,Indian National Congress,772202,744815,48.2 %,UP1952PC225
Aligarh District,225,GEN,Uttar Pradesh [1947 - 1999],Shri Chand Singhal,Indian National Congress,772202,744815,48.2 %,UP1952PC225
Allahabad Distt (EAST) CUM JAUNPUR DISTT (WEST),254,GEN,Uttar Pradesh [1947 - 1999],Jawahar Lal Nehru,Indian National Congress,749750,603022,40.2 %,UP1952PC254
Allahabad Distt (EAST) CUM JAUNPUR DISTT (WEST),254,GEN,Uttar Pradesh [1947 - 1999],Masuriya Din,Indian National Congress,749750,603022,40.2 %,UP1952PC254
Allahabad Distt (WEST),255,GEN,Uttar Pradesh [1947 - 1999],Sri Prakasa,Indian National Congress,363930,129771,35.7 %,UP1952PC255
Alleppey,374,GEN,Travancore Cochin,P. T. Punnose,Independent,349268,275409,78.9 %,KL1952PC374
Almora District (NORTH EAST),211,GEN,Uttar Pradesh [1947 - 1999],Devi Datt,Indian National Congress,373707,100667,26.9 %,UP1952PC211
Alwar,348,GEN,Rajasthan,Sobha Ram,Indian National Congress,382999,199856,52.2 %,RJ1952PC348
Ambad,314,GEN,Hyderabad,Hanmanth Rao Ganeshrao,Indian National Congress,381233,145667,38.2 %,TG1952PC314
Ambala Simla,193,GEN,Punjab,Tek Chand,Indian National Congress,365025,200028,54.8 %,PB1952PC193
Amravati East,111,GEN,Madhya Pradesh [1947 - 1999],Panjabrao Shamrao Deshmukh,Indian National Congress,357241,221630,62.0 %,MP1952PC111
Amravati West,112,GEN,Madhya Pradesh [1947 - 1999],Krushnarao Gulabrao Deshmukh,Indian National Congress,384307,207654,54.0 %,MP1952PC112
Amritsar,207,GEN,Punjab,Gurmukh Singh Musaffar,Indian National Congress,360735,180439,50.0 %,PB1952PC207
Anantapur,134,GEN,Madras,Paidi Lakshmayya,Indian National Congress,364429,215922,59.3 %,TN1952PC134
Aruppukottai,164,GEN,Madras,U. Muthuramalinga Thevar,Forward Bloc (Marxist Group),372858,200738,53.8 %,TN1952PC164
Aurangabad,313,GEN,Hyderabad,Sureshchandra Shivprasad Arya,Indian National Congress,361434,138306,38.3 %,TG1952PC313
Autonomous Districts,2,GEN,Assam,Bonily Khongmen,Indian National Congress,360630,109663,30.4 %,AS1952PC02
Azamgarh District (EAST) CUM BALLIA DISTRICT (WEST),273,GEN,Uttar Pradesh [1947 - 1999],Algu Rai Shastri,Indian National Congress,383060,153266,40.0 %,UP1952PC273
Azamgarh District (WEST),272,GEN,Uttar Pradesh [1947 - 1999],Vishwa Nath,Indian National Congress,760755,555502,36.5 %,UP1952PC272
Azamgarh District (WEST),272,GEN,Uttar Pradesh [1947 - 1999],Sita Ram,Indian National Congress,760755,555502,36.5 %,UP1952PC272
Bahraich District (EAST),259,GEN,Uttar Pradesh [1947 - 1999],Rafi Ahmad Kidwai,Indian National Congress,343647,96028,27.9 %,UP1952PC259
Bahraich District (WEST),260,GEN,Uttar Pradesh [1947 - 1999],Jogendra Singh,Indian National Congress,368993,142131,38.5 %,UP1952PC260
Balaghat,99,GEN,Madhya Pradesh [1947 - 1999],C. D. Goutam,Indian National Congress,370922,179578,48.4 %,MP1952PC99
Balasore,186,GEN,Orissa,Kanhu Charan Jena,Indian National Congress,751245,607958,40.5 %,OR1952PC186
Balasore,186,GEN,Orissa,Bhagabat Sahu,Indian National Congress,751245,607958,40.5 %,OR1952PC186
Ballia District (EAST),276,GEN,Uttar Pradesh [1947 - 1999],Murli Manohar,Independent,368287,126480,34.3 %,UP1952PC276
Banaras District (CENTRAL),257,GEN,Uttar Pradesh [1947 - 1999],Raghunath Singh,Indian National Congress,359514,162478,45.2 %,UP1952PC257
Banaras District (EAST),258,GEN,Uttar Pradesh [1947 - 1999],Tribhuan Narain Singh,Indian National Congress,372480,153123,41.1 %,UP1952PC258
Banaskantha,55,GEN,Bombay,Chavda Akbar Dalumiyan,Indian National Congress,372878,140636,37.7 %,MH1952PC55
Banda District Cum Fatehpur District,241,GEN,Uttar Pradesh [1947 - 1999],Shive Dayal,Indian National Congress,780133,356961,22.9 %,UP1952PC241
Banda District Cum Fatehpur District,241,GEN,Uttar Pradesh [1947 - 1999],Piarey Lal Kureel,Indian National Congress,780133,356961,22.9 %,UP1952PC241
Bangalore North,335,GEN,Mysore,N. Keshavaiengar,Indian National Congress,389996,177057,45.4 %,KA1952PC335
Bangalore South,336,GEN,Mysore,T. Madiah Gowda,Indian National Congress,345824,155948,45.1 %,KA1952PC336
Bankura,283,GEN,West Bengal,Jagannath Koley,Indian National Congress,719632,565367,39.3 %,WB1952PC283
Bankura,283,GEN,West Bengal,Pashupati Mandal,Indian National Congress,719632,565367,39.3 %,WB1952PC283
Banswara Dungarpur,360,ST,Rajasthan,Bhikha Bhai,Indian National Congress,396575,117265,29.6 %,RJ1952PC360
Bareilly District (SOUTH),213,GEN,Uttar Pradesh [1947 - 1999],Satish Chandra,Indian National Congress,379600,138758,36.6 %,UP1952PC213
Bargarh,180,GEN,Orissa,Ghanshyam Das Thirani,Independent,368978,98141,26.6 %,OR1952PC180
Barmer Jalore,352,GEN,Rajasthan,Bhawani Singh,Independent,369470,128092,34.7 %,RJ1952PC352
Baroda West,63,GEN,Bombay,Amin Indhubhai Bhailalbhai,Independent,380593,201509,53.0 %,MH1952PC63
Barpeta,4,GEN,Assam,Beliram Das,Indian National Congress,332791,176868,53.2 %,AS1952PC04
Barrackpore,297,GEN,West Bengal,Das Ramananda,Indian National Congress,365287,159207,43.6 %,WB1952PC297
Basirhat,296,GEN,West Bengal,Chakravartty Renu,Communist Party Of India,762830,626043,41.0 %,WB1952PC296
Basirhat,296,GEN,West Bengal,Roy Patiram,Indian National Congress,762830,626043,41.0 %,WB1952PC296
Bastar,98,ST,Madhya Pradesh [1947 - 1999],Muchaki Kosa,Independent,384277,213845,55.7 %,MP1952PC98
Basti District (NORTH),264,GEN,Uttar Pradesh [1947 - 1999],Udai Shanker Dubey,Indian National Congress,374224,172752,46.2 %,UP1952PC264
Basti Distt Central (EAST) CUM GORAKHPUR DISTT (WEST),265,GEN,Uttar Pradesh [1947 - 1999],Ram Shanker Lal,Indian National Congress,730319,498251,34.1 %,UP1952PC265
Basti Distt Central (EAST) CUM GORAKHPUR DISTT (WEST),265,GEN,Uttar Pradesh [1947 - 1999],Sohan Lal Dhusiya,Indian National Congress,730319,498251,34.1 %,UP1952PC265
Belgaum North,80,GEN,Bombay,Datar Balwant Nagesh,Indian National Congress,357228,217619,60.9 %,MH1952PC80
Belgaum South,81,GEN,Bombay,Patil Shankargouda Virangouda,Indian National Congress,385241,237245,61.6 %,MH1952PC81
Bellary,133,GEN,Madras,T. Subrahmanyam,Indian National Congress,358727,219591,61.2 %,TN1952PC133
Berhampore,282,GEN,West Bengal,Tridib Chaudhuri,Revolutionary Socialist Party,371621,178873,48.1 %,WB1952PC282
Betul,106,GEN,Madhya Pradesh [1947 - 1999],Bhikulal Lakhmichand Chandak,Indian National Congress,387336,216283,55.8 %,MP1952PC106
Bhagalpur Central,41,GEN,Bihar [1947 - 1999],Banarshi Pd. Jhunjhunwala,Indian National Congress,306142,145939,47.7 %,BR1952PC41
Bhagalpur Cum Purnea,40,GEN,Bihar [1947 - 1999],Anup Lal Mehata,Indian National Congress,640994,512765,40.0 %,BR1952PC40
Bhagalpur Cum Purnea,40,GEN,Bihar [1947 - 1999],Kirai Mushahar,Socialist Party,640994,512765,40.0 %,BR1952PC40
Bhagalpur South,42,GEN,Bihar [1947 - 1999],Susama Sen,Indian National Congress,301167,144686,48.0 %,BR1952PC42
Bhandara,109,GEN,Madhya Pradesh [1947 - 1999],Chaturbhuj Vithaldas Jasani,Indian National Congress,770354,808807,52.5 %,MP1952PC109
Bhandara,109,GEN,Madhya Pradesh [1947 - 1999],Tularam Chandrabhan Sakhare,Indian National Congress,770354,808807,52.5 %,MP1952PC109
Bharatpur Sawaimadhopur,347,GEN,Rajasthan,Girraj Sharan Singh,Independent,748347,687306,45.9 %,RJ1952PC347
Bharatpur Sawaimadhopur,347,GEN,Rajasthan,Manak Chand,Krishikar Lok Party,748347,687306,45.9 %,RJ1952PC347
Bhilwara,358,GEN,Rajasthan,Hari Ram,Akhil Bharatiya Ram Rajya Parishad,419186,108838,26.0 %,RJ1952PC358
Bhir,312,GEN,Hyderabad,Ramchander Govind Paranjppe,Peoples Democratic Front,344586,126253,36.6 %,TG1952PC312
Bhusawal,69,GEN,Bombay,Rane Shivram Rango,Indian National Congress,381993,219720,57.5 %,MH1952PC69
Bidar,309,GEN,Hyderabad,Shoukatulla Shah Ansari,Indian National Congress,335863,158378,47.2 %,TG1952PC309
Bijapur North,84,GEN,Bombay,Dube Rajaram Girdharlal,Indian National Congress,370216,179215,48.4 %,MH1952PC84
Bijapur South,85,GEN,Bombay,Bidari Ramappa Balappa,Indian National Congress,342857,219578,64.0 %,MH1952PC85
Bijnor District (SOUTH),218,GEN,Uttar Pradesh [1947 - 1999],Nemi Saran,Indian National Congress,381477,190669,50.0 %,UP1952PC218
Bikaner Churu,350,GEN,Rajasthan,Maharaja Karni Singh,Independent,397481,187557,47.2 %,RJ1952PC350
Bilaspur,93,GEN,Madhya Pradesh [1947 - 1999],Reshamlal,Indian National Congress,762814,463236,30.4 %,MP1952PC93
Bilaspur,93,GEN,Madhya Pradesh [1947 - 1999],Sardar Amarsingh Saigal,Indian National Congress,762814,463236,30.4 %,MP1952PC93
Bilaspur,385,GEN,Bilaspur,Anand Chand,Independent,68130,RU,,CG1952PC385
Bilaspur Durg Raipur,94,GEN,Madhya Pradesh [1947 - 1999],Agamdas,Indian National Congress,759650,529972,34.9 %,MP1952PC94
Bilaspur Durg Raipur,94,GEN,Madhya Pradesh [1947 - 1999],Bhupendranath Mishra,Indian National Congress,759650,529972,34.9 %,MP1952PC94
Birbhum,280,GEN,West Bengal,Anil Kumar Chanda,Indian National Congress,761831,503410,33.0 %,WB1952PC280
Birbhum,280,GEN,West Bengal,Kamal Krishna Das,Indian National Congress,761831,503410,33.0 %,WB1952PC280
Bombay City North,90,GEN,Bombay,Gandhi Vithal Balkrishna,Indian National Congress,730126,715888,49.0 %,MH1952PC90
Bombay City North,90,GEN,Bombay,Kajrolkar Narayan Sadoba,Indian National Congress,730126,715888,49.0 %,MH1952PC90
Bombay City South,89,GEN,Bombay,Patil Sadashiv Kanoji,Indian National Congress,370548,194136,52.4 %,MH1952PC89
Bombay Suburban,91,GEN,Bombay,Raiji Jayashri Naishadh,Indian National Congress,379457,199927,52.7 %,MH1952PC91
Broach,64,GEN,Bombay,Bhatt Chandrashankar Manishankar,Indian National Congress,380694,208885,54.9 %,MH1952PC64
Budaun District (WEST),232,GEN,Uttar Pradesh [1947 - 1999],Badan Sing,Indian National Congress,354848,131103,37.0 %,UP1952PC232
Bulandshahr District,224,GEN,Uttar Pradesh [1947 - 1999],Balmiki Kanhaiya Lal,Indian National Congress,770017,696063,45.2 %,UP1952PC224
Bulandshahr District,224,GEN,Uttar Pradesh [1947 - 1999],Raghubar Dayal,Indian National Congress,770017,696063,45.2 %,UP1952PC224
Buldana Akola,114,GEN,Madhya Pradesh [1947 - 1999],Gopalrao Bajirao Khedkar,Indian National Congress,783957,862425,55.0 %,MP1952PC114
Buldana Akola,114,GEN,Madhya Pradesh [1947 - 1999],Laxman Sharwan Bhatkar,Indian National Congress,783957,862425,55.0 %,MP1952PC114
Burdwan,292,GEN,West Bengal,Atulla Ghose,Indian National Congress,722434,512219,35.5 %,WB1952PC292
Burdwan,292,GEN,West Bengal,Mono Mohan Das,Indian National Congress,722434,512219,35.5 %,WB1952PC292
Cachar Lushal Hills,1,SC,Assam,"Laskar, Nibaran Chandra",Indian National Congress,658171,627706,47.7 %,AS1952PC01
Cachar Lushal Hills,1,SC,Assam,"Deb, Suresh Chandra",Indian National Congress,658171,627706,47.7 %,AS1952PC01
Calcutta North East,301,GEN,West Bengal,Hirendra Nath Mukherjee,Communist Party Of India,375515,143132,38.1 %,WB1952PC301
Calcutta North West,302,GEN,West Bengal,Meghnath Shah,Revolutionary Socialist Party,382636,139731,36.5 %,WB1952PC302
Calcutta South East,300,GEN,West Bengal,Syama Prosad Mookerjee,All India Bhartiya Jan Sangh,381486,144614,37.9 %,WB1952PC300
Calcutta South West,299,GEN,West Bengal,Ashim Krishna Dutt,Indian National Congress,380061,144065,37.9 %,WB1952PC299
Cannanore,172,GEN,Madras,A. K. Gopalan,Communist Party Of India,364218,252481,69.3 %,TN1952PC172
Chailbassa,54,ST,Bihar [1947 - 1999],Kanu Ram Deogam,Jharkhand Party,376306,178206,47.4 %,BR1952PC54
Chamba Sirmur,391,GEN,Himachal Pradesh,A. R. Sewal,Indian National Congress,180581,47812,26.5 %,HP1952PC391
Champaran East,26,GEN,Bihar [1947 - 1999],Syed Mahmood,Indian National Congress,327728,138767,42.3 %,BR1952PC26
Champaran North,25,GEN,Bihar [1947 - 1999],Bipin Bihari Verma,Indian National Congress,341318,104179,30.5 %,BR1952PC25
Chanda,110,GEN,Madhya Pradesh [1947 - 1999],Mulla Abdullabhai Taherali,Indian National Congress,368225,230336,62.6 %,MP1952PC110
Chhatarpur Datia Tikamgarh,401,GEN,Vindhya Pradesh,Ram Sahai Tiwari,Indian National Congress,587455,347010,29.5 %,MP1952PC401
Chhatarpur Datia Tikamgarh,401,GEN,Vindhya Pradesh,Moti Lal Malvi,Indian National Congress,587455,347010,29.5 %,MP1952PC401
Chhindwara,105,GEN,Madhya Pradesh [1947 - 1999],Raichand Bhai Shah,Indian National Congress,381555,131682,34.5 %,MP1952PC105
Chingleput,141,GEN,Madras,O. V. Alagesan,Indian National Congress,334352,150835,45.1 %,TN1952PC141
Chirayinkil,372,GEN,Travancore Cochin,V. Parameswaran Nair,Independent,351642,233287,66.3 %,KL1952PC372
Chitaldrug,341,GEN,Mysore,S Nijalingappa,Indian National Congress,361943,218227,60.3 %,KA1952PC341
Chittoor,137,GEN,Madras,T. N. Vishwanatha Reddi,Indian National Congress,717443,788694,55.0 %,TN1952PC137
Chittoor,137,GEN,Madras,M. V. Gangadara Siva,Indian National Congress,717443,788694,55.0 %,TN1952PC137
Chittor,361,GEN,Rajasthan,Umashanker,All India Bhartiya Jan Sangh,405205,112548,27.8 %,RJ1952PC361
Coimbatore,152,GEN,Madras,T. A. Ramalinga Chettiar,Indian National Congress,346405,RU,,TN1952PC152
Contai,287,GEN,West Bengal,"Dass, Basanta Kumar",Indian National Congress,375591,210471,56.0 %,WB1952PC287
Coorg,386,GEN,Coorg,N. Somanna,Indian National Congress,94593,63813,67.5 %,KA1952PC386
Crangannur,379,GEN,Travancore Cochin,K. T. Achyuthan,Indian National Congress,348264,239313,68.7 %,KL1952PC379
Cuddalore,159,GEN,Madras,L. Elayaperumal,Indian National Congress,745514,739971,49.6 %,TN1952PC159
Cuddalore,159,GEN,Madras,Govindaswamy Kachirayar,The Tamil Nad Toilers Party,745514,739971,49.6 %,TN1952PC159
Cuddapah,136,GEN,Madras,Eswara Reddi Yeddula,Communist Party Of India,368066,239982,65.2 %,TN1952PC136
Cuttack,188,GEN,Orissa,Harekrishna Mahtab,Indian National Congress,399482,164145,41.1 %,OR1952PC188
Darbhanga Central,33,GEN,Bihar [1947 - 1999],Shri Narayan Das,Indian National Congress,394744,136243,34.5 %,BR1952PC33
Darbhanga Cum Bhagalpur,36,GEN,Bihar [1947 - 1999],Lalit Narayan Misra,Indian National Congress,331476,146291,44.1 %,BR1952PC36
Darbhanga East,34,GEN,Bihar [1947 - 1999],Aniruydh Sinha,Indian National Congress,372053,132722,35.7 %,BR1952PC34
Darbhanga North,35,GEN,Bihar [1947 - 1999],Shyam Nandan Prasad,Indian National Congress,376316,167758,44.6 %,BR1952PC35
Darrang,6,GEN,Assam,Kamakhya Prasad Tripathi,Indian National Congress,310934,162120,52.1 %,AS1952PC06
Delhi City,389,GEN,Delhi,Radha Raman,Indian National Congress,174522,101590,58.2 %,DL1952PC389
Deoria District (EAST),271,GEN,Uttar Pradesh [1947 - 1999],Ram Ji,Socialist Party,360505,127752,35.4 %,UP1952PC271
Deoria District (SOUTH),269,GEN,Uttar Pradesh [1947 - 1999],Sarayu,Indian National Congress,356039,119616,33.6 %,UP1952PC269
Deoria District (WEST),270,GEN,Uttar Pradesh [1947 - 1999],Bishwa Nath,Indian National Congress,369077,114804,31.1 %,UP1952PC270
Dharamapuri,146,GEN,Madras,N. Satyanathan,Independent,360076,185545,51.5 %,TN1952PC146
Dharwar North,86,GEN,Bombay,Karmaka Dattatraya Parsuramrao,Indian National Congress,365182,216283,59.2 %,MH1952PC86
Dharwar South,87,GEN,Bombay,Neswi Timmappa Rudrappa,Indian National Congress,371753,239315,64.4 %,MH1952PC87
Dhenkanal West Cuttack,183,GEN,Orissa,Niranjan Jena,Indian National Congress,754809,495558,32.8 %,OR1952PC183
Dhenkanal West Cuttack,183,GEN,Orissa,Sarangadhar Das,Socialist Party,754809,495558,32.8 %,OR1952PC183
Diamond Harbour,298,GEN,West Bengal,Basu Kamal,Communist Party Of India,730094,680143,46.6 %,WB1952PC298
Diamond Harbour,298,GEN,West Bengal,Naskar Purnendu Sekhar,Indian National Congress,730094,680143,46.6 %,WB1952PC298
Dibrugarh,10,GEN,Assam,"Hazarika, Jogendra Nath",Indian National Congress,347258,148712,42.8 %,AS1952PC10
Dindigul,169,GEN,Madras,Ammu Swaminathan,Indian National Congress,347422,209488,60.3 %,TN1952PC169
Durg,96,GEN,Madhya Pradesh [1947 - 1999],W. S. Kirolikar,Indian National Congress,398341,191348,48.0 %,MP1952PC96
Durg Bastar,97,GEN,Madhya Pradesh [1947 - 1999],Bhagwati Charan Shukla,Indian National Congress,394803,214924,54.4 %,MP1952PC97
Eluru,122,GEN,Madras,K. Subha Rao,Communist Party Of India,694382,1000456,72.0 %,TN1952PC122
Eluru,122,GEN,Madras,B. S. Murthy,Kisan Mazdoor Praja Party,694382,1000456,72.0 %,TN1952PC122
Ernakulam,378,GEN,Travancore Cochin,A. M. Thomas,Indian National Congress,355060,247832,69.8 %,KL1952PC378
Erode,148,GEN,Madras,Balakrishnan,Indian National Congress,743081,782686,52.7 %,TN1952PC148
Erode,148,GEN,Madras,Periasami Gounder,Indian National Congress,743081,782686,52.7 %,TN1952PC148
Etah Disctict North East Cum Budaun Distt (EAST),231,GEN,Uttar Pradesh [1947 - 1999],Raghubir Sahai,Indian National Congress,352544,153239,43.5 %,UP1952PC231
Etah District (CENTRAL),230,GEN,Uttar Pradesh [1947 - 1999],Rohan Lal Chaturvedi,Indian National Congress,365009,168730,46.2 %,UP1952PC230
Etah Distt (WEST) CUM MAINPURI DISTT (WEST) CUM MATHURA DISTRICT (EAST),229,GEN,Uttar Pradesh [1947 - 1999],Digamber Si,Indian National Congress,361599,185634,51.3 %,UP1952PC229
Faizabad Distt (NORTH WEST),252,GEN,Uttar Pradesh [1947 - 1999],Panna Lal,Indian National Congress,718760,526515,36.6 %,UP1952PC252
Faizabad Distt (NORTH WEST),252,GEN,Uttar Pradesh [1947 - 1999],Lallan Ji,Indian National Congress,718760,526515,36.6 %,UP1952PC252
Farrukhabad District (NORTH),233,GEN,Uttar Pradesh [1947 - 1999],Mool Chand Dube,Indian National Congress,407275,167836,41.2 %,UP1952PC233
Fazilka Sirsa,199,GEN,Punjab,Atma Singh,Indian National Congress,360933,214413,59.4 %,PB1952PC199
Ferozepore Ludhiana,200,GEN,Punjab,Lal Singh,Shiromani Akali Dal,764171,811732,53.1 %,PB1952PC200
Ferozepore Ludhiana,200,GEN,Punjab,Bahadur Singh,Shiromani Akali Dal,764171,811732,53.1 %,PB1952PC200
Ganganagar Jhunjhunu,349,GEN,Rajasthan,Panna Lal,Indian National Congress,758860,662222,43.6 %,RJ1952PC349
Ganganagar Jhunjhunu,349,GEN,Rajasthan,Murarka Radhey Shyam,Indian National Congress,758860,662222,43.6 %,RJ1952PC349
Ganjam South,192,GEN,Orissa,Bijoy Chandra Das,Communist Party Of India,390236,109695,28.1 %,OR1952PC192
Garhwal Distt (EAST) CUM MORADABAD DISTT (NORTH EAST),210,GEN,Uttar Pradesh [1947 - 1999],Bhaktadarsh,Indian National Congress,347009,96529,27.8 %,UP1952PC210
Garhwal Distt (WEST) CUM TEHRI GARHWAL DISTT CUM BIJNOR DISTT (NORTH),209,GEN,Uttar Pradesh [1947 - 1999],Maharani Sahiba Kamlendumati Shah,Independent,373418,135092,36.2 %,UP1952PC209
Gauhati,5,ST,Assam,Rohini Kumar Chaudhury,Indian National Congress,360331,202596,56.2 %,AS1952PC05
Gaya East,15,GEN,Bihar [1947 - 1999],Brajeshwar Prasad,Indian National Congress,572471,415816,36.3 %,BR1952PC15
Gaya East,15,GEN,Bihar [1947 - 1999],Ramdhari Das,Indian National Congress,572471,415816,36.3 %,BR1952PC15
Gaya North,16,GEN,Bihar [1947 - 1999],Bigeshwar Missir,Socialist Party,288509,127767,44.3 %,BR1952PC16
Gaya West,17,GEN,Bihar [1947 - 1999],Satyandra Narain Singh,Indian National Congress,336977,141212,41.9 %,BR1952PC17
Ghatal,285,GEN,West Bengal,Chowdhury Nikunja Behari,Communist Party Of India,361187,180379,49.9 %,WB1952PC285
Ghazipur District (WEST),274,GEN,Uttar Pradesh [1947 - 1999],Har Prasad,Indian National Congress,392667,169758,43.2 %,UP1952PC274
Ghazipur Distt (EAST) CUM BALLIA DISTRICT SOUTH (WEST),275,GEN,Uttar Pradesh [1947 - 1999],Ram Nagina,Socialist Party,360946,117115,32.5 %,UP1952PC275
Ghumsur,191,GEN,Orissa,Umacharan Patnaik,Independent,386460,145186,37.6 %,OR1952PC191
Goalpara Garo Hills,3,ST,Assam,Jonab Amjad Ali,Socialist Party,719456,704435,49.0 %,AS1952PC03
Goalpara Garo Hills,3,ST,Assam,Sitanath Brahma Chowdhury,Indian National Congress,719456,704435,49.0 %,AS1952PC03
Gohilwad,367,GEN,Saurashtra,Mehta Balwantrai Gopalji,Indian National Congress,310380,124240,40.0 %,GJ1952PC367
Gohilwad Sorath,368,GEN,Saurashtra,Shah Chimanlal Chakubhai,Indian National Congress,288399,163639,56.7 %,GJ1952PC368
Golaghat Jorhat,8,GEN,Assam,Debeswar Sarma,Indian National Congress,363384,172180,47.4 %,AS1952PC08
Gonda District (EAST) CUM BASTI DISTRICT (WEST),263,GEN,Uttar Pradesh [1947 - 1999],Kesho Deo Malviya,Indian National Congress,337344,117305,34.8 %,UP1952PC263
Gonda District (NORTH),261,GEN,Uttar Pradesh [1947 - 1999],Chowdhari Hyder Husain,Indian National Congress,364459,164274,45.1 %,UP1952PC261
Gonda District (WEST),262,GEN,Uttar Pradesh [1947 - 1999],Nayar Shakuntala,Akhil Bharatiya Hindu Mahasabha,380009,131240,34.5 %,UP1952PC262
Gorakhpur District (CENTRAL),267,GEN,Uttar Pradesh [1947 - 1999],Dasrath Pd. Divedi,Indian National Congress,388724,144643,37.2 %,UP1952PC267
Gorakhpur District (NORTH),266,GEN,Uttar Pradesh [1947 - 1999],Hari Shanker Prasad,Indian National Congress,369306,120382,32.6 %,UP1952PC266
Gorakhpur District (SOUTH),268,GEN,Uttar Pradesh [1947 - 1999],Sinhasan Singh,Indian National Congress,342796,104695,30.5 %,UP1952PC268
Gudivada,124,GEN,Madras,K. Gopala Rao,Communist Party Of India,355301,276723,77.9 %,TN1952PC124
Gulabarga,307,GEN,Hyderabad,Swamy Ramanand Tirth,Indian National Congress,364590,106140,29.1 %,TG1952PC307
Guna,330,GEN,Madhya Bharat,V. G. Deshpande,Akhil Bharatiya Hindu Mahasabha,378353,138858,36.7 %,MP1952PC330
Guntur,127,GEN,Madras,S. V. Laxmi Narasimham,Independent,364698,254499,69.8 %,TN1952PC127
Gurdaspur,205,GEN,Punjab,Teja Singh,Indian National Congress,353804,182413,51.6 %,PB1952PC205
Gurgaon,197,GEN,Punjab,Thakar Das,Indian National Congress,381963,251946,66.0 %,PB1952PC197
Gwalior,331,GEN,Madhya Bharat,V. G. Deshpande,Akhil Bharatiya Hindu Mahasabha,379320,144412,38.1 %,MP1952PC331
Halar,364,GEN,Saurashtra,Major Gen. M. S. Himatsinhji,Indian National Congress,295369,RU,,GJ1952PC364
Hamirpur District,240,GEN,Uttar Pradesh [1947 - 1999],Mannu Lal Duvedi,Indian National Congress,336458,128684,38.3 %,UP1952PC240
Hardoi Distt (NORTH WEST) CUM FARRUKHABAD DISTT (EAST) CUM SHAHJANPUR DISTT (SOUTH),243,GEN,Uttar Pradesh [1947 - 1999],Bashir,Indian National Congress,754683,532687,35.3 %,UP1952PC243
Hardoi Distt (NORTH WEST) CUM FARRUKHABAD DISTT (EAST) CUM SHAHJANPUR DISTT (SOUTH),243,GEN,Uttar Pradesh [1947 - 1999],Bulaqi,Indian National Congress,754683,532687,35.3 %,UP1952PC243
Hassan Chickmagalur,339,GEN,Mysore,H. Siddananjappa,Indian National Congress,354206,171850,48.5 %,KA1952PC339
Hazaribagh West,48,GEN,Bihar [1947 - 1999],Ram Narayan Singh,Chota Nagpur Santhal Parganas Janta Party,332278,118881,35.8 %,BR1952PC48
Hazaribhag East,47,GEN,Bihar [1947 - 1999],Nageshwar Pd. Sinha,Indian National Congress,335212,129617,38.7 %,BR1952PC47
Hissar,198,GEN,Punjab,Achint Ram,Indian National Congress,370693,188389,50.8 %,PB1952PC198
Hooghly,291,GEN,West Bengal,N. C. Chatterjee,Akhil Bharatiya Hindu Mahasabha,385944,198385,51.4 %,WB1952PC291
Hoshangabad,104,GEN,Madhya Pradesh [1947 - 1999],Syed Ahmad,Indian National Congress,364350,164838,45.2 %,MP1952PC104
Hoshiarpur,203,GEN,Punjab,Diwan Chand,Indian National Congress,775828,799356,51.5 %,PB1952PC203
Hoshiarpur,203,GEN,Punjab,Ram Das,Indian National Congress,775828,799356,51.5 %,PB1952PC203
Howrah,289,GEN,West Bengal,Santosh Kumar Dutta,Indian National Congress,378918,178071,47.0 %,WB1952PC289
Hyderabad City,303,GEN,Hyderabad,Ahmed Mohiuddin,Indian National Congress,343535,147657,43.0 %,TG1952PC303
Ibrahimpatam,304,GEN,Hyderabad,Sadat Ali Khan,Indian National Congress,345396,144579,41.9 %,TG1952PC304
Indore,326,GEN,Madhya Bharat,Nandlal Surya Narayan,Indian National Congress,387379,178654,46.1 %,MP1952PC326
Inner Manipur,394,GEN,Manipur,Jogeswor Singh,Indian National Congress,149617,74906,50.1 %,MN1952PC394
Jabalpur North,101,GEN,Madhya Pradesh [1947 - 1999],Sushil Kumar,Indian National Congress,399430,176914,44.3 %,MP1952PC101
Jaipur,356,GEN,Rajasthan,Daulat Mal,Indian National Congress,397855,119094,29.9 %,RJ1952PC356
Jaipur Sawaimadhopur,346,GEN,Rajasthan,Ram Karan Joshi,Indian National Congress,382763,122770,32.1 %,RJ1952PC346
Jajpur Keonjhar,184,GEN,Orissa,Bhubananda Das,Indian National Congress,729056,457314,31.4 %,OR1952PC184
Jajpur Keonjhar,184,GEN,Orissa,Lakhmidhar Jena,All India Gantantra Parishad,729056,457314,31.4 %,OR1952PC184
Jalaun Distt Cum Etawah Distt (WEST) CUM JHANSI DISTT (NORTH),235,GEN,Uttar Pradesh [1947 - 1999],Lotan Ram,Indian National Congress,753180,584312,38.8 %,UP1952PC235
Jalaun Distt Cum Etawah Distt (WEST) CUM JHANSI DISTT (NORTH),235,GEN,Uttar Pradesh [1947 - 1999],Hoti Lal,Indian National Congress,753180,584312,38.8 %,UP1952PC235
Jalgaon,70,GEN,Bombay,Pataskar Hari Vinayak,Indian National Congress,356253,205133,57.6 %,MH1952PC70
Jaunpur District (EAST),253,GEN,Uttar Pradesh [1947 - 1999],Birbal Singh,Indian National Congress,709849,563586,39.7 %,UP1952PC253
Jaunpur District (EAST),253,GEN,Uttar Pradesh [1947 - 1999],Ganpat,Indian National Congress,709849,563586,39.7 %,UP1952PC253
Jhabua,325,ST,Madhya Bharat,Amar Singh,Indian National Congress,369032,140946,38.2 %,MP1952PC325
Jhajjar Rewari,196,GEN,Punjab,Ghamandi Lal,Indian National Congress,382413,246224,64.4 %,PB1952PC196
Jhansi District (SOUTH),239,GEN,Uttar Pradesh [1947 - 1999],Dhulekar Raghunath,Indian National Congress,359042,135532,37.8 %,UP1952PC239
Jodhpur,351,GEN,Rajasthan,Hanwant Singh,Independent,402871,177850,44.2 %,RJ1952PC351
Jullundur,202,GEN,Punjab,Amar Nath,Indian National Congress,359274,199468,55.5 %,PB1952PC202
Kaira North,61,GEN,Bombay,Dabhi Fulsinhjee Bharatsinhji,Indian National Congress,391562,230681,58.9 %,MH1952PC61
Kaira South,62,GEN,Bombay,Patel Maniben Vallabhbhai,Indian National Congress,368127,233148,63.3 %,MH1952PC62
Kakinada,120,GEN,Madras,Chelikani Venkata Rama Rao,Communist Party Of India,346057,219834,63.5 %,TN1952PC120
Kalahandi Bolangir,179,GEN,Orissa,Giridhari Bhoi,All India Gantantra Parishad,790404,553858,35.0 %,OR1952PC179
Kalahandi Bolangir,179,GEN,Orissa,Rajendra Narayan Singh Deo,All India Gantantra Parishad,790404,553858,35.0 %,OR1952PC179
Kalna Katwa,293,GEN,West Bengal,Jonab Abdus Sattar,Indian National Congress,377219,185672,49.2 %,WB1952PC293
Kanara,88,GEN,Bombay,Alva Jaochim Piedade,Indian National Congress,370650,230512,62.2 %,MH1952PC88
Kancheepuram,142,GEN,Madras,A. Krishnaswami,Common Weal Party,332827,199957,60.1 %,TN1952PC142
Kangra,204,GEN,Punjab,Hem Raj,Indian National Congress,338943,159053,46.9 %,PB1952PC204
Kanpur District Central,237,GEN,Uttar Pradesh [1947 - 1999],Hari Har Nath Shastri,Indian National Congress,395486,136821,34.6 %,UP1952PC237
Kanpur District South Cum Etawah District,238,GEN,Uttar Pradesh [1947 - 1999],Bal Krishna Sharma,Indian National Congress,376278,160257,42.6 %,UP1952PC238
Kanpur Distt North Cum Farrukhabad Distt South,236,GEN,Uttar Pradesh [1947 - 1999],V. N. Tiwari,Indian National Congress,365691,166635,45.6 %,UP1952PC236
Kapurthala Bhatinda,345,GEN,Patiala And East Punj,Hukam Singh,Shiromani Akali Dal,713275,863273,60.5 %,PB1952PC345
Kapurthala Bhatinda,345,GEN,Patiala And East Punj,Ajit Singh,Shiromani Akali Dal,713275,863273,60.5 %,PB1952PC345
Karimnagar,320,GEN,Hyderabad,Badan Yella Reddy,Peoples Democratic Front,750904,715873,47.7 %,TG1952PC320
Karimnagar,320,GEN,Hyderabad,M. R. Krishnan,All India Scheduled Caste Federation,750904,715873,47.7 %,TG1952PC320
Karnal,194,GEN,Punjab,Subhadra Joshi,Indian National Congress,765032,842918,55.1 %,PB1952PC194
Karnal,194,GEN,Punjab,Virendra Kumar,Indian National Congress,765032,842918,55.1 %,PB1952PC194
Kendrapara,187,GEN,Orissa,Nityananda Kanungo,Indian National Congress,400630,173806,43.4 %,OR1952PC187
Khammam,322,GEN,Hyderabad,T. B. Vittala Rao,Peoples Democratic Front,354276,188064,53.1 %,TG1952PC322
Khurda,190,GEN,Orissa,Lingraj Misra,Indian National Congress,395605,138531,35.0 %,OR1952PC190
Kolaba,78,GEN,Bombay,Deshmukh Chintaman Dwarkanath,Indian National Congress,352119,183658,52.2 %,MH1952PC78
Kolar,333,GEN,Mysore,Doddathimmiah,Indian National Congress,741116,717848,48.4 %,KA1952PC333
Kolar,333,GEN,Mysore,M. V. Krishnappa,Indian National Congress,741116,717848,48.4 %,KA1952PC333
Kolhapur Cum Satara,76,GEN,Bombay,Kumbhar Ratnappa Bharamappa,Indian National Congress,749539,832165,55.5 %,MH1952PC76
Kolhapur Cum Satara,76,GEN,Bombay,Khardekar Balasaheb Hasanmantrao,Independent,749539,832165,55.5 %,MH1952PC76
Kotab Bundi,362,GEN,Rajasthan,Chandra Sen,Akhil Bharatiya Ram Rajya Parishad,411738,93005,22.6 %,RJ1952PC362
Kotah Jhalawar,363,GEN,Rajasthan,Nemichand Kasilwal,Indian National Congress,361030,94936,26.3 %,RJ1952PC363
Kottayam,377,GEN,Travancore Cochin,C. P. Mathew,Indian National Congress,354046,284961,80.5 %,KL1952PC377
Kozhikode,174,GEN,Madras,Achuthan Damodaran Menon,Kisan Mazdoor Praja Party,355807,236008,66.3 %,TN1952PC174
Krishnagiri,145,GEN,Madras,C. R. Narasimhan,Indian National Congress,355317,147253,41.4 %,TN1952PC145
Kumbakonam,157,GEN,Madras,C. Ramaswamy Mudaliar,Indian National Congress,361514,229457,63.5 %,TN1952PC157
Kurnool,132,GEN,Madras,H. Sitharama Reddy,Indian National Congress,354755,194213,54.8 %,TN1952PC132
Kustagi,306,GEN,Hyderabad,Shiv Murthy Swamy,Independent,356258,170259,47.8 %,TG1952PC306
Kutch East,392,GEN,Kutch,Dholakia Gulabshanker Amrutlal,Indian National Congress,147409,49236,33.4 %,GJ1952PC392
Kutch West,393,GEN,Kutch,Khimji Bhawanji Arjun,Indian National Congress,140991,70344,49.9 %,GJ1952PC393
Lucknow District Central,247,GEN,Uttar Pradesh [1947 - 1999],Vijayalakshmi Pandit,Indian National Congress,353447,148569,42.0 %,UP1952PC247
Lucknow Distt Cum Bara Banki Distt,246,GEN,Uttar Pradesh [1947 - 1999],Ganga Devi,Indian National Congress,730269,498095,34.1 %,UP1952PC246
Lucknow Distt Cum Bara Banki Distt,246,GEN,Uttar Pradesh [1947 - 1999],Mohan Lal Saxena,Indian National Congress,730269,498095,34.1 %,UP1952PC246
Madhya Saurashtra,365,GEN,Saurashtra,Joshi Jethalal Harikrishna,Indian National Congress,312441,139962,44.8 %,GJ1952PC365
Madras,139,GEN,Madras,T. T. Krishnamachari,Indian National Congress,369299,195370,52.9 %,TN1952PC139
Madurai,167,GEN,Madras,S. Balasubramaniam,Indian National Congress,757254,733762,48.5 %,TN1952PC167
Madurai,167,GEN,Madras,P. M. Kakkan,Indian National Congress,757254,733762,48.5 %,TN1952PC167
Mahasamund,95,GEN,Madhya Pradesh [1947 - 1999],Sheodas Daga,Indian National Congress,392827,159178,40.5 %,MP1952PC95
Mahboobnagar,305,GEN,Hyderabad,Janardhan Reddy,Indian National Congress,756778,344270,45.5 %,TG1952PC305
Mahboobnagar,305,GEN,Hyderabad,P. Ramaswamy,Indian National Congress,756778,RU,,TG1952PC305
Mainpuri District (EAST),234,GEN,Uttar Pradesh [1947 - 1999],Badshah Gupta,Indian National Congress,340120,139345,41.0 %,UP1952PC234
Malappuram,175,GEN,Madras,B. Pocker,Madras State Muslim League Party,369412,203899,55.2 %,TN1952PC175
Malda,279,GEN,West Bengal,Surendra Mohan Ghose,Indian National Congress,354919,145601,41.0 %,WB1952PC279
Manbhum North,52,GEN,Bihar [1947 - 1999],Mohan Hari,Indian National Congress,688360,435123,31.6 %,BR1952PC52
Manbhum North,52,GEN,Bihar [1947 - 1999],Prabhat Chandra Bose,Indian National Congress,688360,435123,31.6 %,BR1952PC52
Manbhum South Cum Dhalbhum,53,GEN,Bihar [1947 - 1999],Bhajahari Mahaton,Lok Sewak Sangh,730957,481518,32.9 %,BR1952PC53
Manbhum South Cum Dhalbhum,53,GEN,Bihar [1947 - 1999],Chaitan Manjhi,Lok Sewak Sangh,730957,481518,32.9 %,BR1952PC53
Mandi Mahasu,390,GEN,Himachal Pradesh,Amrit Kaur,Indian National Congress,350437,175377,25.0 %,HP1952PC390
Mandi Mahasu,390,GEN,Himachal Pradesh,Gopi Ram,Indian National Congress,350437,175377,25.0 %,HP1952PC390
Mandla Jabalpur South,100,GEN,Madhya Pradesh [1947 - 1999],Govind Das Maheshwari,Indian National Congress,686330,593342,43.2 %,MP1952PC100
Mandla Jabalpur South,100,GEN,Madhya Pradesh [1947 - 1999],Mangroo,Indian National Congress,686330,593342,43.2 %,MP1952PC100
Mandsaur,329,GEN,Madhya Bharat,Kailash Nath Katju,Indian National Congress,371375,140861,37.9 %,MP1952PC329
Mandya,337,GEN,Mysore,M. K. Sivananjappa,Indian National Congress,360464,212015,58.8 %,KA1952PC337
Masulipatnam,123,GEN,Madras,Sanka Butehikottaiah,Communist Party Of India,332940,253728,76.2 %,TN1952PC123
Mathura District (WEST),228,GEN,Uttar Pradesh [1947 - 1999],Krishna Chandra,Indian National Congress,376706,182335,48.4 %,UP1952PC228
Mayuram,158,GEN,Madras,K. Ananda Nambiar,Communist Party Of India,730234,883765,60.5 %,TN1952PC158
Mayuram,158,GEN,Madras,V. Veeraswami,Independent,730234,883765,60.5 %,TN1952PC158
Mayurbhanj,185,ST,Orissa,Ramchandra Majhi,Indian National Congress,376957,108238,28.7 %,OR1952PC185
Medak,319,GEN,Hyderabad,Jaisoorya,Peoples Democratic Front,360324,197637,54.9 %,TG1952PC319
Meenachil,376,GEN,Travancore Cochin,P. T. Chacko,Indian National Congress,355235,267829,75.4 %,KL1952PC376
Meerut District (NORTH EAST),223,GEN,Uttar Pradesh [1947 - 1999],Shah Nawaz Khan,Indian National Congress,394599,209089,53.0 %,UP1952PC223
Meerut District (SOUTH),222,GEN,Uttar Pradesh [1947 - 1999],Krishna Chandra Sharma,Indian National Congress,374338,185764,49.6 %,UP1952PC222
Meerut District (WEST),221,GEN,Uttar Pradesh [1947 - 1999],Khushi Ram Sharma,Indian National Congress,357437,205243,57.4 %,UP1952PC221
Mehsana East,58,GEN,Bombay,Parekh Shantilal Girdharlal,Indian National Congress,366111,202822,55.4 %,MH1952PC58
Mehsana West,59,GEN,Bombay,Kilachand Tulshidas Kilachand,Independent,380505,225034,59.1 %,MH1952PC59
Midnapore Jhargram,284,GEN,West Bengal,Bandopadhyaya Durga Charan,All India Bhartiya Jan Sangh,742739,569207,38.3 %,WB1952PC284
Midnapore Jhargram,284,GEN,West Bengal,Tudu Bharat Lal,Indian National Congress,742739,569207,38.3 %,WB1952PC284
Mirzapur District Cum Banaras District (WEST),256,GEN,Uttar Pradesh [1947 - 1999],Rup Narain,Indian National Congress,720697,517177,35.9 %,UP1952PC256
Mirzapur District Cum Banaras District (WEST),256,GEN,Uttar Pradesh [1947 - 1999],J. N. Wilson,Indian National Congress,720697,517177,35.9 %,UP1952PC256
Mohindergarh,342,GEN,Patiala And East Punj,Hira Singh,Indian National Congress,333436,180559,54.2 %,PB1952PC342
Monghyr North East,39,GEN,Bihar [1947 - 1999],Suresh Chandra Mishra,Socialist Party,271581,146688,54.0 %,BR1952PC39
Monghyr North West,38,GEN,Bihar [1947 - 1999],Mathura Prasad Misra,Indian National Congress,216737,115332,53.2 %,BR1952PC38
Monghyr Sadar Cum Jamui,37,GEN,Bihar [1947 - 1999],Banarsi Pd. Sinha,Indian National Congress,534168,518714,48.6 %,BR1952PC37
Monghyr Sadar Cum Jamui,37,GEN,Bihar [1947 - 1999],Nayan Tara Das,Indian National Congress,534168,518714,48.6 %,BR1952PC37
Moradabad District (CENTRAL),216,GEN,Uttar Pradesh [1947 - 1999],Hifzul Rehman,Indian National Congress,387330,163085,42.1 %,UP1952PC216
Moradabad District (WEST),215,GEN,Uttar Pradesh [1947 - 1999],Ram Saran,Indian National Congress,367788,156871,42.7 %,UP1952PC215
Morena Bhind,332,GEN,Madhya Bharat,Radha Charan,Indian National Congress,743114,462963,31.2 %,MP1952PC332
Morena Bhind,332,GEN,Madhya Bharat,Suraj Prasad Alias Surya Prasad,Indian National Congress,743114,462963,31.2 %,MP1952PC332
Murshidabad,281,GEN,West Bengal,Muhammed Khuda Bukhsh,Indian National Congress,380477,186684,49.1 %,WB1952PC281
Muzafarpur East,30,GEN,Bihar [1947 - 1999],Awadeshwar Pd. Sinha,Indian National Congress,298268,139632,46.8 %,BR1952PC30
Muzaffarnagar District (SOUTH),220,GEN,Uttar Pradesh [1947 - 1999],Tripathi Hira Ballabh,Indian National Congress,375540,199562,53.1 %,UP1952PC220
Muzaffarpur Central,29,GEN,Bihar [1947 - 1999],Shyam Nandan Sahay,Indian National Congress,332006,141330,42.6 %,BR1952PC29
Muzaffarpur Cum Darbhanga,31,GEN,Bihar [1947 - 1999],Rajeshwar Patel,Indian National Congress,716634,318538,44.5 %,BR1952PC31
Muzaffarpur Cum Darbhanga,31,GEN,Bihar [1947 - 1999],Rameshwar Sahu,Indian National Congress,716634,RU,,BR1952PC31
Muzaffarpur North East,28,GEN,Bihar [1947 - 1999],Dig Vijoy Narayan Singh,Indian National Congress,329849,154884,47.0 %,BR1952PC28
Muzaffarpur North West,27,GEN,Bihar [1947 - 1999],Chandeswar Narain Prasad Sinha,Indian National Congress,293890,134435,45.7 %,BR1952PC27
Mysore,338,GEN,Mysore,N. Rachiah,Indian National Congress,728247,712318,48.9 %,KA1952PC338
Mysore,338,GEN,Mysore,M. S. Gurupadaswamy,Kisan Mazdoor Praja Party,728247,712318,48.9 %,KA1952PC338
Nabadwip,294,GEN,West Bengal,Lakshmi Kanta Maitra,Indian National Congress,381812,159025,41.7 %,WB1952PC294
Nagaur Pali,354,GEN,Rajasthan,Gajadhar,Independent,383209,200411,52.3 %,RJ1952PC354
Nagercoil,370,GEN,Travancore Cochin,A. Nesamony,Travancore Tamil Nad Congress Party,343195,227904,66.4 %,KL1952PC370
Nagpur,108,GEN,Madhya Pradesh [1947 - 1999],Anusayabai Purushottam Kale,Indian National Congress,352870,210078,59.5 %,MP1952PC108
Naini Tal Distt Cum Almora Distt (SOUTH WEST) CUM BAREILLY DISTT (NORTH),212,GEN,Uttar Pradesh [1947 - 1999],C. D. Pande,Indian National Congress,341976,129142,37.8 %,UP1952PC212
Nalgonda,323,GEN,Hyderabad,Ravi Narayan Reddy,Peoples Democratic Front,729504,807033,55.3 %,TG1952PC323
Nalgonda,323,GEN,Hyderabad,Sukam Atchalu,Peoples Democratic Front,729504,807033,55.3 %,TG1952PC323
Nanded,316,GEN,Hyderabad,Shanker Rao Srinivas Rao,Indian National Congress,710146,444504,31.3 %,TG1952PC316
Nanded,316,GEN,Hyderabad,Deo Rao Namdeo Rao,Indian National Congress,710146,444504,31.3 %,TG1952PC316
Nandyal,131,GEN,Madras,Seshagiri Rao,Independent,380100,244765,64.4 %,TN1952PC131
Narasaraopet,128,GEN,Madras,Chapalamadugu Ramiah Chowdry,Independent,366257,216472,59.1 %,TN1952PC128
Nasik Central,72,GEN,Bombay,Deshpande Govind Hari,Indian National Congress,385868,205175,53.2 %,MH1952PC72
Nawan Shahr,201,GEN,Punjab,Baldev Singh,Indian National Congress,398321,250375,62.9 %,PB1952PC201
Nellore,130,GEN,Madras,Bezwada Ramachandra Reddy,Independent,347698,207004,59.5 %,TN1952PC130
New Delhi,387,GEN,Delhi,Suchetia Kripalani,Kisan Mazdoor Praja Party,182293,102175,56.1 %,DL1952PC387
Nimar,103,GEN,Madhya Pradesh [1947 - 1999],Tiwari Babulal Surajbhan,Indian National Congress,387579,175023,45.2 %,MP1952PC103
Nimar,324,GEN,Madhya Bharat,Bajinath Mahodaya,Indian National Congress,375327,127499,34.0 %,MP1952PC324
Nizamabad,318,GEN,Hyderabad,Harish Chandra Heda,Indian National Congress,335863,160995,47.9 %,TG1952PC318
North Bengal,277,GEN,West Bengal,Upendra Nath Barman,Indian National Congress,931845,862056,30.8 %,WB1952PC277
North Bengal,277,GEN,West Bengal,Birendra Nath Katham,Indian National Congress,931845,862056,30.8 %,WB1952PC277
North Bengal,277,GEN,West Bengal,Amiya Kanta Basu,Indian National Congress,931845,862056,30.8 %,WB1952PC277
North Satara,75,GEN,Bombay,Altekar Ganesh Sadashiv,Indian National Congress,359731,198739,55.3 %,MH1952PC75
Nowgong,7,GEN,Assam,"Barooah, Dev Kanta",Indian National Congress,342855,173832,50.7 %,AS1952PC07
Nowrangpur,177,GEN,Orissa,Ponnada Subarao,All India Gantantra Parishad,402950,143222,35.5 %,OR1952PC177
Ongole,129,GEN,Madras,M. Nanadass,Independent,729786,723926,49.6 %,TN1952PC129
Ongole,129,GEN,Madras,P. Venkataraghaviah,Independent,729786,723926,49.6 %,TN1952PC129
Osmanabad,311,GEN,Hyderabad,Diwan Raghevendra Srinivas Rao,Indian National Congress,373951,194043,51.9 %,TG1952PC311
Outer Delhi,388,GEN,Delhi,C. Krisnan Nair,Indian National Congress,387853,452135,58.3 %,DL1952PC388
Outer Delhi,388,GEN,Delhi,Naval Prabhakar,Indian National Congress,387853,452135,58.3 %,DL1952PC388
Outer Manipur,395,GEN,Manipur,Rishang,Socialist Party,148935,77561,52.1 %,MN1952PC395
Palamau Cum Hazaribagh Cum Ranchi,51,GEN,Bihar [1947 - 1999],Jithan Kherwar,Indian National Congress,649178,463405,35.7 %,BR1952PC51
Palamau Cum Hazaribagh Cum Ranchi,51,GEN,Bihar [1947 - 1999],Gajendra Prasad Sinha,Indian National Congress,649178,463405,35.7 %,BR1952PC51
Pancchmahals Cum Baroda East,57,GEN,Bombay,Gandhi Maneklal Magan,Indian National Congress,741930,318085,42.9 %,MH1952PC57
Pancchmahals Cum Baroda East,57,GEN,Bombay,Parmar Rupajee Bhavji,Indian National Congress,741930,RU,,MH1952PC57
Parbhani,315,GEN,Hyderabad,Narayan Rao Waghmare,Peasants & Workers Party,370348,140434,37.9 %,TG1952PC315
Parvathipuram,117,GEN,Madras,N. Rama Seshiah,Independent,368440,198166,53.8 %,TN1952PC117
Pataliputra,11,GEN,Bihar [1947 - 1999],Sarangdhar Singh,Indian National Congress,288982,133645,46.3 %,BR1952PC11
Pathapatnam,115,GEN,Madras,V. V. Giri,Indian National Congress,338485,167679,49.5 %,TN1952PC115
Patiala,344,GEN,Patiala And East Punj,Ram Partap,Indian National Congress,367485,219562,59.8 %,PB1952PC344
Patna Central,12,GEN,Bihar [1947 - 1999],Kailash Pati Sinha,Indian National Congress,236799,131506,55.5 %,BR1952PC12
Patna Cum Shahabad,14,GEN,Bihar [1947 - 1999],Balram Bhagat,Indian National Congress,287272,136851,47.6 %,BR1952PC14
Patna East,13,GEN,Bihar [1947 - 1999],Tarkeshwari Devi,Indian National Congress,250896,132716,52.9 %,BR1952PC13
Penukonda,135,GEN,Madras,K. S. Raghavachari,Kisan Mazdoor Praja Party,352629,217626,61.7 %,TN1952PC135
Perambalur,154,GEN,Madras,V. Boorarangaswami Pandayachi,The Tamil Nad Toilers Party,359221,225858,62.9 %,TN1952PC154
Periyakulam,168,GEN,Madras,A/ Sakthivadivel Gounder,Indian National Congress,370312,242777,65.6 %,TN1952PC168
Pilibhit Distt Cum Bareilly Distt (EAST),214,GEN,Uttar Pradesh [1947 - 1999],Mukund Lal Agarwala,Indian National Congress,328961,128991,39.2 %,UP1952PC214
Pollachi,151,GEN,Madras,Damodaram,Indian National Congress,368310,210359,57.1 %,TN1952PC151
Ponnani,176,GEN,Madras,Kelappan Koyhapali,Kisan Mazdoor Praja Party,739656,774286,52.3 %,TN1952PC176
Ponnani,176,GEN,Madras,Eacheran Iyyani,Indian National Congress,739656,774286,52.3 %,TN1952PC176
Poona Central,73,GEN,Bombay,Gadgil Narhar Vishnu,Indian National Congress,388404,192406,49.5 %,MH1952PC73
Poona South,74,GEN,Bombay,Maydeo Indira Anant,Indian National Congress,378892,179289,47.3 %,MH1952PC74
Pratapgarh Distt (EAST),249,GEN,Uttar Pradesh [1947 - 1999],Munishwar Dutt Upadhyaya,Indian National Congress,362654,122001,33.6 %,UP1952PC249
Pratapgarh Distt (WEST) CUM RAE BARELI DISTT (EAST),248,GEN,Uttar Pradesh [1947 - 1999],Feroze Gandhi,Indian National Congress,696634,481131,34.5 %,UP1952PC248
Pratapgarh Distt (WEST) CUM RAE BARELI DISTT (EAST),248,GEN,Uttar Pradesh [1947 - 1999],Baij Nath Kureel,Indian National Congress,696634,481131,34.5 %,UP1952PC248
Pudukkottai,153,GEN,Madras,K. M. Vallatharsu,Kisan Mazdoor Praja Party,374269,191697,51.2 %,TN1952PC153
Puri,189,GEN,Orissa,Lokanath Misra,Indian National Congress,387950,155622,40.1 %,OR1952PC189
Purnea Central,44,GEN,Bihar [1947 - 1999],Phani Gopal Sen Gupta,Indian National Congress,357038,138412,38.8 %,BR1952PC44
Purnea Cum Santal Parganas,45,GEN,Bihar [1947 - 1999],Bhagat Jha (AZAD),Indian National Congress,752822,659217,43.8 %,BR1952PC45
Purnea Cum Santal Parganas,45,GEN,Bihar [1947 - 1999],Jughar Soren Paul,Jharkhand Party,752822,659217,43.8 %,BR1952PC45
Purnea North East,43,GEN,Bihar [1947 - 1999],Mohammad Islamuddin,Indian National Congress,369596,120467,32.6 %,BR1952PC43
Quilon Cum Mavelikara,373,GEN,Travancore Cochin,Sreekantan Nair,Revolutionary Socialist Party,705598,1028391,72.9 %,KL1952PC373
Quilon Cum Mavelikara,373,GEN,Travancore Cochin,R. Velayudhan,Independent,705598,1028391,72.9 %,KL1952PC373
Raisen,384,GEN,Bhopal,Chatrunarain Malvia,Indian National Congress,188498,74501,39.5 %,MP1952PC384
Rajahmundry,121,GEN,Madras,Kaneti Mohana Rao,Communist Party Of India,741484,900175,60.7 %,TN1952PC121
Rajahmundry,121,GEN,Madras,Nalla Reddi Naidu,Socialist Party,741484,900175,60.7 %,TN1952PC121
Ramanathapuram,165,GEN,Madras,V. Vr. N. Ar. Nagappa Chettiar,Indian National Congress,359891,193589,53.8 %,TN1952PC165
Rampur District Cum Bareilly District (WEST),217,GEN,Uttar Pradesh [1947 - 1999],Abul Kalam Azad,Indian National Congress,376635,181607,48.2 %,UP1952PC217
Ranchi North East,49,GEN,Bihar [1947 - 1999],Abdul Ibrahim,Indian National Congress,344542,133505,38.8 %,BR1952PC49
Ranchi West,50,ST,Bihar [1947 - 1999],Jaipal Singh,Jharkhand Party,367835,228856,62.2 %,BR1952PC50
Ratnagiri North,82,GEN,Bombay,Bhosale Jagannathrao Krishnarao,Indian National Congress,374668,151181,40.4 %,MH1952PC82
Ratnagiri South,83,GEN,Bombay,Joshi Moreshwar Dinkar,Indian National Congress,372880,144239,38.7 %,MH1952PC83
Rayagada Phulbani,178,ST,Orissa,T. Sangana,Indian National Congress,393599,RU,,OR1952PC178
Rewa,399,GEN,Vindhya Pradesh,Rajbhan Singh,Indian National Congress,284152,97630,34.4 %,MP1952PC399
Rohtak,195,GEN,Punjab,Ranbir Singh,Indian National Congress,363546,253188,69.6 %,PB1952PC195
Sabarkantha,56,GEN,Bombay,Nanda Gulzarilal Bulaqiram,Indian National Congress,372222,201468,54.1 %,MH1952PC56
Sagar,102,GEN,Madhya Pradesh [1947 - 1999],Sodhia Khubchand Daryao Singh,Indian National Congress,396406,157374,39.7 %,MP1952PC102
Saharanpur Distt (WEST) CUM MUZAFFER NAGAR DISTT NORTH),219,GEN,Uttar Pradesh [1947 - 1999],Sunder Lal,Indian National Congress,717483,711289,49.6 %,UP1952PC219
Saharanpur Distt (WEST) CUM MUZAFFER NAGAR DISTT NORTH),219,GEN,Uttar Pradesh [1947 - 1999],Ajit Prashad,Indian National Congress,717483,711289,49.6 %,UP1952PC219
Salem,147,GEN,Madras,S. V. Ramaswami,Indian National Congress,366410,203792,55.6 %,TN1952PC147
Samastipur East,32,GEN,Bihar [1947 - 1999],Satya Narain Sinha,Indian National Congress,339720,122946,36.2 %,BR1952PC32
Sambalpur,181,GEN,Orissa,Natabar Pandey,All India Gantantra Parishad,390596,128485,32.9 %,OR1952PC181
Sangrur,343,GEN,Patiala And East Punj,Ranjit Singh,Independent,349335,211718,60.6 %,PB1952PC343
Sankaranainarkoil,163,GEN,Madras,M. Sankarapandian,Indian National Congress,373989,246936,66.0 %,TN1952PC163
Santal Parganas Cum Hazaribaug,46,GEN,Bihar [1947 - 1999],Ram Raj Jajware,Indian National Congress,720478,634118,44.0 %,BR1952PC46
Santal Parganas Cum Hazaribaug,46,GEN,Bihar [1947 - 1999],Lal Hembrom,Indian National Congress,720478,634118,44.0 %,BR1952PC46
Santipur,295,GEN,West Bengal,Arun Chandra Guha,Indian National Congress,371454,160938,43.3 %,WB1952PC295
Saran Central,21,GEN,Bihar [1947 - 1999],Mahendra Nath Singh,Indian National Congress,358504,121823,34.0 %,BR1952PC21
Saran Cum Champaran,24,GEN,Bihar [1947 - 1999],Bibhuti Missir,Indian National Congress,694144,438883,31.6 %,BR1952PC24
Saran Cum Champaran,24,GEN,Bihar [1947 - 1999],Bhola Raut,Indian National Congress,694144,438883,31.6 %,BR1952PC24
Saran East,22,GEN,Bihar [1947 - 1999],Satya Narain Singh,Indian National Congress,307256,104790,34.1 %,BR1952PC22
Saran North,20,GEN,Bihar [1947 - 1999],Jhulan Sinha,Indian National Congress,370681,111627,30.1 %,BR1952PC20
Saran South,23,GEN,Bihar [1947 - 1999],Dwarka Nath Tiwari,Indian National Congress,276217,117340,42.5 %,BR1952PC23
Satna,400,GEN,Vindhya Pradesh,Upadhiya S. D.,Indian National Congress,293454,101641,34.6 %,MP1952PC400
Sehore,383,GEN,Bhopal,Saeed Ullah Razmi,Indian National Congress,231472,94956,41.0 %,MP1952PC383
Serampore,290,GEN,West Bengal,Tusar Kanti Chattopadhyaya,Communist Party Of India,381914,190924,50.0 %,WB1952PC290
Shahabad North West,19,GEN,Bihar [1947 - 1999],Kamal Singh,Independent,364184,150612,41.4 %,BR1952PC19
Shahabad South,18,GEN,Bihar [1947 - 1999],Ram Subhag Singh,Indian National Congress,697896,584689,41.9 %,BR1952PC18
Shahabad South,18,GEN,Bihar [1947 - 1999],Jagjiwan Ram,Indian National Congress,697896,584689,41.9 %,BR1952PC18
Shahdol Sidhi,398,GEN,Vindhya Pradesh,Bhagwan Dutta Shastri,Socialist Party,595865,159557,26.8 %,MP1952PC398
Shahdol Sidhi,398,GEN,Vindhya Pradesh,Randaman Singh,Kisan Mazdoor Praja Party,595865,RU,,MP1952PC398
Shajahanpur Distt (NORTH) CUM KHERI DISTT (EAST),244,GEN,Uttar Pradesh [1947 - 1999],Rameshwar Prasad Neva,Indian National Congress,800993,479588,29.9 %,UP1952PC244
Shajahanpur Distt (NORTH) CUM KHERI DISTT (EAST),244,GEN,Uttar Pradesh [1947 - 1999],Ganeshi Lal Chowdhry,Indian National Congress,800993,479588,29.9 %,UP1952PC244
Shajapur Rajgarh,328,GEN,Madhya Bharat,Liladhar Joshi,Indian National Congress,734582,485562,33.1 %,MP1952PC328
Shajapur Rajgarh,328,GEN,Madhya Bharat,Bhagu Nandu,Indian National Congress,734582,485562,33.1 %,MP1952PC328
Shimoga,340,GEN,Mysore,K. G. Wodeyar,Indian National Congress,313647,235659,75.1 %,KA1952PC340
Sholapur,77,GEN,Bombay,More Shankar Shantaram,Peasants & Workers Party,801712,780170,48.7 %,MH1952PC77
Sholapur,77,GEN,Bombay,Rajbhoj Pandurang Nathuji,All India Scheduled Caste Federation,801712,780170,48.7 %,MH1952PC77
Sibsagar North Lakhimpur,9,GEN,Assam,"Buragohain, Surendranath",Indian National Congress,345910,169015,48.9 %,AS1952PC09
Sikar,355,GEN,Rajasthan,Nand Lal,Akhil Bharatiya Ram Rajya Parishad,323013,134158,41.5 %,RJ1952PC355
Sirohi Pali,353,GEN,Rajasthan,Ajit Singh,Independent,380210,159335,41.9 %,RJ1952PC353
Sitapur Distt Cum Kheri Distt (WEST),245,GEN,Uttar Pradesh [1947 - 1999],Pragi Lal,Indian National Congress,772283,531924,34.4 %,UP1952PC245
Sitapur Distt Cum Kheri Distt (WEST),245,GEN,Uttar Pradesh [1947 - 1999],Uma Nehru,Indian National Congress,772283,531924,34.4 %,UP1952PC245
Sorath,369,GEN,Saurashtra,Nathiwani Narendra,Indian National Congress,316584,170901,54.0 %,GJ1952PC369
South Kanara (NORTH),170,GEN,Madras,U. Srinivasa Mallyya,Indian National Congress,344159,220761,64.2 %,TN1952PC170
South Kanara South,171,GEN,Madras,B. Shiva Rao,Indian National Congress,340360,206101,60.6 %,TN1952PC171
South Satara,79,GEN,Bombay,Pawar Vyankatrao Pirajirao,Indian National Congress,369033,223955,60.7 %,MH1952PC79
Srikakulam,116,GEN,Madras,Boddapalli Rajagopala Rao,Independent,367407,185675,50.5 %,TN1952PC116
Srivaikuntam,162,GEN,Madras,A. V. Thomas,Indian National Congress,353299,172254,48.8 %,TN1952PC162
Srivilliputtur,166,GEN,Madras,K. Kamaraj Nadar,Indian National Congress,339344,224114,66.0 %,TN1952PC166
Sultanpur District (SOUTH),250,GEN,Uttar Pradesh [1947 - 1999],B. V. Keskar,Indian National Congress,362718,136044,37.5 %,UP1952PC250
Sultanpur Distt (NORTH) CUM FAIZABAD DISTT (SOUTH WEST),251,GEN,Uttar Pradesh [1947 - 1999],M. A. Kazmi,Indian National Congress,377670,112311,29.7 %,UP1952PC251
Sundargarh,182,ST,Orissa,Sibnarayan Singh,Indian National Congress,389204,179734,46.2 %,OR1952PC182
Surat,65,GEN,Bombay,Desai Kanhaiyalal Nanabhai,Indian National Congress,745093,861336,57.8 %,MH1952PC65
Surat,65,GEN,Bombay,Patel Bahadurbhai Kuthabhai,Indian National Congress,745093,861336,57.8 %,MH1952PC65
Surguja Raigarh,92,GEN,Madhya Pradesh [1947 - 1999],Babunath Singh,Indian National Congress,804512,624338,38.8 %,MP1952PC92
Surguja Raigarh,92,GEN,Madhya Pradesh [1947 - 1999],Maharajkumar Chandikeshwar Sharan Singh Ju Deo,Independent,804512,624338,38.8 %,MP1952PC92
Tamluk,286,GEN,West Bengal,"Samanta, Satish Chandra",Indian National Congress,375461,255379,68.0 %,WB1952PC286
Tanjore,156,GEN,Madras,R. Venkataraman,Indian National Congress,367963,201724,54.8 %,TN1952PC156
Tarn Taran,206,GEN,Punjab,Surjit Singh,Indian National Congress,377664,212396,56.2 %,PB1952PC206
Tellicherry,173,GEN,Madras,N. Damodaran,Kisan Mazdoor Praja Party,323528,231138,71.4 %,TN1952PC173
Tenali,126,GEN,Madras,Kotha Raghuramiah,Indian National Congress,341801,259773,76.0 %,TN1952PC126
Thana,66,GEN,Bombay,Nandkar Anant Savalaram,Indian National Congress,712902,718242,50.4 %,MH1952PC66
Thana,66,GEN,Bombay,Vartak Govind Dharmaji,Indian National Congress,712902,718242,50.4 %,MH1952PC66
Thiruvella,375,GEN,Travancore Cochin,Mathen C. P.,Indian National Congress,352821,257600,73.0 %,KL1952PC375
Tindivanam,160,GEN,Madras,A. Jayaraman,The Tamil Nad Toilers Party,721419,789592,54.7 %,TN1952PC160
Tindivanam,160,GEN,Madras,V. Muniswami,The Tamil Nad Toilers Party,721419,789592,54.7 %,TN1952PC160
Tiruchengode,149,GEN,Madras,S. K. Baby Alias Kandaswami,Independent,370121,174637,47.2 %,TN1952PC149
Tiruchirapalli,155,GEN,Madras,E. Mathuram,Independent,353822,214952,60.8 %,TN1952PC155
Tirunelvali,161,GEN,Madras,Thanu Pillai,Indian National Congress,352281,194203,55.1 %,TN1952PC161
Tirupathi,138,GEN,Madras,M. Ananthasayanam Ayyanagar,Indian National Congress,376107,223527,59.4 %,TN1952PC138
Tiruppur,150,GEN,Madras,T. S. Avinashilingam Chettiar,Indian National Congress,367261,208375,56.7 %,TN1952PC150
Tiruvallur,140,GEN,Madras,Margatham Chandrasekar,Indian National Congress,704970,616210,43.7 %,TN1952PC140
Tiruvallur,140,GEN,Madras,P. Natesan,Indian National Congress,704970,616210,43.7 %,TN1952PC140
Tonk,357,GEN,Rajasthan,Panna Lal Kaushik,Indian National Congress,387328,129770,33.5 %,RJ1952PC357
Trichure,380,GEN,Travancore Cochin,Iyyunni Chalakka,Indian National Congress,338603,172906,51.1 %,KL1952PC380
Tripura East,396,GEN,Tripura,Dasaratha Deb,Communist Party Of India,179607,79520,44.3 %,TR1952PC396
Tripura West,397,GEN,Tripura,Birendra Chandra Dutt,Communist Party Of India,150199,77851,51.8 %,TR1952PC397
Trivandrum,371,GEN,Travancore Cochin,Annie Mascarene,Independent,356512,255044,71.5 %,KL1952PC371
Tumkur,334,GEN,Mysore,C. R. Basappa,Indian National Congress,374292,223505,59.7 %,KA1952PC334
Udaipur,359,GEN,Rajasthan,Balwant Singh,Indian National Congress,368279,91944,25.0 %,RJ1952PC359
Ujjain,327,GEN,Madhya Bharat,Radhelal Vyas,Indian National Congress,352375,133816,38.0 %,MP1952PC327
Uluberia,288,GEN,West Bengal,Satyaban Roy,Indian National Congress,382085,184939,48.4 %,WB1952PC288
Unnao District Cum Rae Bareli Distt (WEST) CUM HARDOI DISTRICT (SOUTH EAST),242,GEN,Uttar Pradesh [1947 - 1999],Vishamabher,Indian National Congress,744918,504827,33.9 %,UP1952PC242
Unnao District Cum Rae Bareli Distt (WEST) CUM HARDOI DISTRICT (SOUTH EAST),242,GEN,Uttar Pradesh [1947 - 1999],Swami Raman,Indian National Congress,744918,504827,33.9 %,UP1952PC242
Vellore,143,GEN,Madras,Muthukrishnan,Indian National Congress,731534,667641,45.6 %,TN1952PC143
Vellore,143,GEN,Madras,Ramachander,Common Weal Party,731534,667641,45.6 %,TN1952PC143
Vijayavada,125,GEN,Madras,Harindranath Chatopadhyya,Independent,367722,264680,72.0 %,TN1952PC125
Vikarabad,310,GEN,Hyderabad,Ebenezer S. A.,Indian National Congress,377940,181357,48.0 %,TG1952PC310
Visahkapatnam,119,GEN,Madras,Lanka Sundaram,Independent,707707,339476,48.0 %,TN1952PC119
Visahkapatnam,119,GEN,Madras,Gam Malludora,Independent,707707,RU,,TN1952PC119
Vizianagaram,118,GEN,Madras,Kandala Subramaniam,Socialist Party,374684,181852,48.5 %,TN1952PC118
Wandiwah,144,GEN,Madras,Munisami,Common Weal Party,336147,177512,52.8 %,TN1952PC144
Warangal,321,GEN,Hyderabad,Pendyal Raghava Rao,Peoples Democratic Front,365451,186506,51.0 %,TG1952PC321
Wardha,107,GEN,Madhya Pradesh [1947 - 1999],Shrimannarayan Dharamnarayan Agarwal,Indian National Congress,390119,238029,61.0 %,MP1952PC107
West Dinajpur,278,GEN,West Bengal,Susil Ranjan Chattopadhyay,Indian National Congress,365483,149398,40.9 %,WB1952PC278
West Khandesh,71,GEN,Bombay,Bharatiya Shaligram Ramchandra,Indian National Congress,753372,754356,50.1 %,MH1952PC71
West Khandesh,71,GEN,Bombay,Natwadkar Jayantrao Ganpat,Indian National Congress,753372,754356,50.1 %,MH1952PC71
Yadgir,308,GEN,Hyderabad,Krishna Charya Joshi,Indian National Congress,362832,RU,,TG1952PC308
Yeotmal,113,GEN,Madhya Pradesh [1947 - 1999],Sahadeo Arjun Bharati,Indian National Congress,396935,221757,55.9 %,MP1952PC113
Zalawad,366,GEN,Saurashtra,Parikh Rasiklal Umedchand,Indian National Congress,315707,163963,51.9 %,GJ1952PC366
