ac name,ac no,type,district,winning candidate,party,total electors,total votes,margin,margin %,father/husband name,gender,age,UID
VALMIKI NAGAR,1,,West Champaran,SURENDRA PRASAD,Indian National Congress,,107730,1675,,LATE JANKI SHARAN PRASAD,male,59.0,BR2025AC01
RAMNAGAR,2,,West Champaran,NAND KISHOR RAM,Bharatiya Janata Party,,115214,35680,,LATE. RAMJIT RAM,male,53.0,BR2025AC02
NARKATIAGANJ,3,,West Champaran,SANJAY KUMAR PANDEY,Bharatiya Janata Party,,100044,26458,,LATE GHANSHYAM PANDEY,male,60.0,BR2025AC03
BAGAHA,4,,West Champaran,RAM SINGH,Bharatiya Janata Party,,106875,6313,,Late Awadh Bihari Singh,male,73.0,BR2025AC04
LAURIYA,5,,West Champaran,VINAY BIHARI,Bharatiya Janata Party,,96510,26966,,Parmanand Singh,male,55.0,BR2025AC05
NAUTAN,6,,West Champaran,NARAYAN PRASAD,Bharatiya Janata Party,,101952,22072,,,,,BR2025AC06
CHANPATIA,7,,West Champaran,ABHISHEK RANJAN,Indian National Congress,,87538,602,,OM PRAKASH PRASAD,male,35.0,BR2025AC07
BETTIAH,8,,West Champaran,RENU DEVI,Bharatiya Janata Party,,91907,22373,,LATE DURGA PRASAD,female,66.0,BR2025AC08
SIKTA,9,,West Champaran,SAMMRIDH VARMA,Janata Dal (United),,97173,47144,,DILIP VARMA,male,37.0,BR2025AC09
RAXAUL,10,,East Champaran,PRAMOD KUMAR SINHA,Bharatiya Janata Party,,106765,17878,,Shivbachan Prasad Sinha,male,65.0,BR2025AC10
SUGAULI,11,,East Champaran,RAJESH KUMAR ALIAS BABLU GUPTA,Lok Janshakti Party (Ram Vilas),,98875,58191,,,,,BR2025AC11
NARKATIA,12,,East Champaran,VISHAL KUMAR,Janata Dal (United),,104450,1443,,VISHWAMBHAR NATH PRASAD,male,45.0,BR2025AC12
HARSIDHI ,13,,East Champaran,KRISHNANANDAN PASWAN,Bharatiya Janata Party,,96864,7095,,Devnandan Paswan,male,61.0,BR2025AC13
GOVINDGANJ,14,,East Champaran,RAJU TIWARI,Lok Janshakti Party (Ram Vilas),,96034,32683,,VISHWA JIVAN TIWARI,male,55.0,BR2025AC14
KESARIA,15,,East Champaran,SHALINI MISHRA,Janata Dal (United),,78192,16340,,KAMLA MISHRA MADHUKAR,female,52.0,BR2025AC15
KALYANPUR,16,,East Champaran,SACHINDRA PRASAD SINGH,Bharatiya Janata Party,,89057,15568,,LATE CHANAR SINGH,male,60.0,BR2025AC16
PIPRA,17,,East Champaran,SHYAM BABU PRASAD YADAV,Bharatiya Janata Party,,110422,10745,,LATE SUKHRAM PRASAD YADAV,male,59.0,BR2025AC17
MADHUBAN,18,,East Champaran,RANA RANDHIR,Bharatiya Janata Party,,86002,5492,,,,,BR2025AC18
MOTIHARI,19,,East Champaran,PRAMOD KUMAR,Bharatiya Janata Party,,106080,13563,,Shivbachan Prasad Sinha,male,65.0,BR2025AC19
CHIRAIA,20,,East Champaran,LAL BABU PRASAD GUPTA,Bharatiya Janata Party,,90572,39360,,MAHANTH SAH,male,67.0,BR2025AC20
DHAKA,21,,Sheohar,FAISAL RAHMAN,Rashtriya Janata Dal,,112727,178,,MOTIURRAHMAN,male,40.0,BR2025AC21
SHEOHAR,22,,Sitamarhi,SHWETA GUPTA,Janata Dal (United),,97269,31398,,VARUN KUMAR,female,44.0,BR2025AC22
RIGA,23,,Sitamarhi,BAIDYANATH PRASAD,Bharatiya Janata Party,,117393,33125,,RAJ NANDAN PRASAD,male,65.0,BR2025AC23
BATHNAHA,24,,Sitamarhi,ANIL KUMAR,Bharatiya Janata Party,,123698,51769,,,,,BR2025AC24
PARIHAR,25,,Sitamarhi,GAYETRI DEVI,Bharatiya Janata Party,,82644,17189,,RAM NARESH PRASAD YADAV,female,60.0,BR2025AC25
SURSAND,26,,Sitamarhi,PROF. NAGENDRA RAUT,Janata Dal (United),,104157,23667,,LATE KARI RAUT,male,64.0,BR2025AC26
BAJPATTI,27,,Sitamarhi,RAMESHWAR KUMAR MEHTO,Rashtriya Lok Morcha,,99144,3395,,RAM PRAKASH MAHTO,male,50.0,BR2025AC27
SITAMARHI,28,,Sitamarhi,SUNIL KUMAR PINTU,Bharatiya Janata Party,,104226,5562,,HARI SHANKAR PRASAD,male,64.0,BR2025AC28
RUNNISAIDPUR,29,,Sitamarhi,PANKAJ KUMAR,Janata Dal (United),,93672,19737,,,,,BR2025AC29
BELSAND,30,,Sitamarhi,AMIT KUMAR,Lok Janshakti Party (Ram Vilas),,82076,22685,,,,,BR2025AC30
HARLAKHI,31,,Madhubani,SUDHANSHU SHEKHAR,Janata Dal (United),,85486,36236,,BASANT KUMAR,male,39.0,BR2025AC31
BENIPATTI,32,,Madhubani,VINOD NARAYAN JHA,Bharatiya Janata Party,,87153,23932,,VADRINARAYAN JHA,male,68.0,BR2025AC32
KHAJAULI,33,,Madhubani,ARUN SHANKAR PRASAD,Bharatiya Janata Party,,101151,13126,,LATE SATYA NARAYAN PRASAD,male,64.0,BR2025AC33
BABUBARHI,34,,Madhubani,MINA KUMARI,Janata Dal (United),,98221,17568,,RAMAN KUMAR,female,36.0,BR2025AC34
BISFI,35,,Madhubani,ASIF AHMAD,Rashtriya Janata Dal,,100771,8107,,FAIYAZ AHMAD,male,34.0,BR2025AC35
MADHUBANI,36,,Madhubani,MADHAW ANAND,Rashtriya Lok Morcha,,97956,20552,,JAGADA NAND SHARMA,male,43.0,BR2025AC36
RAJNAGAR,37,,Madhubani,SUJEET KUMAR,Bharatiya Janata Party,,108362,42185,,HIRALAL PASWAN,male,30.0,BR2025AC37
JHANJHARPUR,38,,Madhubani,NITISH MISHRA,Bharatiya Janata Party,,107958,54849,,LATE JAGANNATH MISHRA,male,52.0,BR2025AC38
PHULPARAS,39,,Madhubani,SHEELA KUMARI,Janata Dal (United),,93677,14099,,SHAILENDRA KUMAR MANDAL,female,55.0,BR2025AC39
LAUKAHA,40,,Madhubani,SATISH KUMAR SAH,Janata Dal (United),,111761,25511,,HARI PRASAD SAH,male,60.0,BR2025AC40
NIRMALI,41,,Supaul,ANIRUDDHA PRASAD YADAV,Janata Dal (United),,118904,37310,,LATE MAHARAJI YADAV,male,76.0,BR2025AC41
PIPRA,42,,Supaul,RAMBILASH KAMAT,Janata Dal (United),,107041,37776,,LATE. SARYUG KAMAT,male,62.0,BR2025AC42
SUPAUL,43,,Supaul,BIJENDRA PRASAD YADAV,Janata Dal (United),,109085,30803,,LATE SUKHRAM YADAV,male,79.0,BR2025AC43
TRIVENIGANJ,44,,Supaul,SONAM RANI,Janata Dal (United),,105262,5683,,SIKANDAR SARDAR,female,27.0,BR2025AC44
CHHATAPUR,45,,Supaul,NIRAJ KUMAR SINGH,Bharatiya Janata Party,,122491,16178,,SRI RAMKISHOR SINGH,male,55.0,BR2025AC45
NARPATGANJ,46,,Araria,DEVANTI YADAV,Bharatiya Janata Party,,120557,25353,,LATE BHAGWAN YADAV,female,53.0,BR2025AC46
RANIGANJ,47,,Araria,AVINASH MANGLAM,Rashtriya Janata Dal,,111590,8530,,NAKSHTRA RISHIDEV,male,38.0,BR2025AC47
FORBESGANJ,48,,Araria,MANOJ BISHWAS,Indian National Congress,,120114,221,,HARILAL BISHWAS,male,38.0,BR2025AC48
ARARIA,49,,Araria,ABIDUR RAHMAN,Indian National Congress,,91529,12741,,MOIDUR RAHMAN,male,60.0,BR2025AC49
JOKIHAT,50,,Araria,MOHAMMAD MURSHID ALAM,All India Majlis-E-Ittehadul Muslimeen,,83737,28803,,LATE SALIM UDDIN,male,55.0,BR2025AC50
SIKTI,51,,Araria,VIJAY KUMAR MANDAL,Bharatiya Janata Party,,111342,19322,,NANDKESHWAR MANDAL,male,62.0,BR2025AC51
BAHADURGANJ,52,,Kishanganj,MD TAUSEEF ALAM,All India Majlis-E-Ittehadul Muslimeen,,87315,28726,,MD JAMSHED ALAM,male,45.0,BR2025AC52
THAKURGANJ,53,,Kishanganj,GOPAL KUMAR AGARWAL,Janata Dal (United),,85243,8822,,Tarachand Agarwal,male,52.0,BR2025AC53
KISHANGANJ,54,,Kishanganj,MD. QAMRUL HODA,Indian National Congress,,89669,12794,,MD SHAFI,male,62.0,BR2025AC54
KOCHADHAMAN,55,,Kishanganj,MD. SARWAR ALAM,All India Majlis-E-Ittehadul Muslimeen,,81860,23021,,SHAHID ALAM,male,40.0,BR2025AC55
AMOUR,56,,Purnia,AKHTARUL IMAN,All India Majlis-E-Ittehadul Muslimeen,,100836,38928,,,,,BR2025AC56
BAISI,57,,Purnia,GHULAM SARWAR,All India Majlis-E-Ittehadul Muslimeen,,92766,27251,,NAZAAM UDDIN,male,53.0,BR2025AC57
KASBA,58,,Purnia,NITESH KUMAR SINGH,Lok Janshakti Party (Ram Vilas),,86877,12875,,BRAJ KISHORE SINGH,male,39.0,BR2025AC58
BANMANKHI,59,,Purnia,KRISHNA KUMAR RISHI,Bharatiya Janata Party,,122494,45296,,TARNI RISHI,male,49.0,BR2025AC59
RUPAULI,60,,Purnia,KALADHAR PRASAD MANDAL,Janata Dal (United),,124826,73572,,ANANDI MANDAL,male,60.0,BR2025AC60
DHAMDAHA,61,,Purnia,LESHI SINGH,Janata Dal (United),,138750,55159,,MADHUSUDAN SINGH,female,51.0,BR2025AC61
PURNIA,62,,Purnia,VIJAY KUMAR KHEMKA,Bharatiya Janata Party,,127614,33222,,MANGALCHAND KHEMKA,male,66.0,BR2025AC62
KATIHAR,63,,Katihar,TARKISHORE PRASAD,Bharatiya Janata Party,,100255,22154,,GANGA PRASAD,male,69.0,BR2025AC63
KADWA,64,,Katihar,DULAL CHANDRA GOSWAMI,Janata Dal (United),,99274,18368,,LATE HEMANT GOSWAMI,male,57.0,BR2025AC64
BALRAMPUR,65,,Katihar,SANGITA DEVI,Lok Janshakti Party (Ram Vilas),,80459,389,,RAJESH KUMAR SAH,female,41.0,BR2025AC65
PRANPUR,66,,Katihar,NISHA SINGH,Bharatiya Janata Party,,108565,7752,,LATE BINOD KUMAR SINGH,female,46.0,BR2025AC66
MANIHARI,67,,Katihar,MANOHAR PRASAD SINGH,Indian National Congress,,114754,15168,,LATE SINGHESHWAR PRASAD SINGH,male,76.0,BR2025AC67
BARARI,68,,Katihar,BIJAY SINGH,Janata Dal (United),,107842,10984,,PRITHVI SINGH,male,53.0,BR2025AC68
KORHA,69,,Katihar,KAVITA DEVI,Bharatiya Janata Party,,123495,22257,,LATE MAHESH PASWAN,female,50.0,BR2025AC69
ALAMNAGAR,70,,Madhepura,NARENDRA NARAYAN YADAV,Janata Dal (United),,138401,55465,,LATE SIYARAM YADAV,male,74.0,BR2025AC70
BIHARIGANJ,71,,Madhepura,NIRANJAN KUMAR MEHTA,Janata Dal (United),,116622,31622,,MAHESHWAR PRASAD MEHTA,male,64.0,BR2025AC71
SINGHESHWAR,72,,Madhepura,RAMESH RISHI,Janata Dal (United),,106416,2982,,BADRI RISHI,male,55.0,BR2025AC72
MADHEPURA,73,,Madhepura,CHANDRA SHEKHAR,Rashtriya Janata Dal,,108464,7809,,ANIRUDH PRASAD YADAV,male,63.0,BR2025AC73
SONBARSHA,74,,Saharsa,RATNESH SADA,Janata Dal (United),,97833,13454,,LAKSHMI SADA,male,54.0,BR2025AC74
SAHARSA,75,,Saharsa,INDRAJEET PRASAD GUPTA,Indian Inclusive Party,,115036,2038,,LATE SARYU MISTRI,male,55.0,BR2025AC75
SIMRI BAKHTIARPUR,76,,Saharsa,SANJAY KUMAR SINGH,Lok Janshakti Party (Ram Vilas),,109699,7930,,LATE BISHNUDEO SINGH,male,58.0,BR2025AC76
MAHISHI,77,,Saharsa,GAUTAM KRISHNA,Rashtriya Janata Dal,,93752,3740,,LATE VISHNUDEV YADAV,male,40.0,BR2025AC77
KUSHESHWAR ASTHAN,78,,Darbhanga,ATIREK KUMAR,Janata Dal (United),,85685,36441,,DR. ASHOK KUMAR,male,42.0,BR2025AC78
GAURA BAURAM,79,,Darbhanga,SUJIT KUMAR,Bharatiya Janata Party,,77682,5669,,SUNIL KUMAR SINGH,male,54.0,BR2025AC79
BENIPUR,80,,Darbhanga,BINAY KUMAR CHOUDHARY,Janata Dal (United),,84207,13603,,UMA KANT CHOUDHARY,male,59.0,BR2025AC80
ALINAGAR,81,,Darbhanga,MAITHILI THAKUR,Bharatiya Janata Party,,84915,11730,,RAMESH THAKUR,female,25.0,BR2025AC81
DARBHANGA RURAL,82,,Darbhanga,RAJESH KUMAR MANDAL,Janata Dal (United),,80624,18392,,Mohan Mandal,male,44.0,BR2025AC82
DARBHANGA,83,,Darbhanga,SANJAY SARAOGI,Bharatiya Janata Party,,97453,24593,,PARMESHWAR LAL SARAOGI,male,55.0,BR2025AC83
HAYAGHAT,84,,Darbhanga,RAM CHANDRA PRASAD,Bharatiya Janata Party,,77222,11839,,Kari Sahu,male,58.0,BR2025AC84
BAHADURPUR,85,,Darbhanga,MADAN SAHNI,Janata Dal (United),,96300,12011,,LATE BINDESHWAR SAHNI,male,58.0,BR2025AC85
KEOTI,86,,Darbhanga,MURARI MOHAN JHA,Bharatiya Janata Party,,89123,7305,,SHASHI BHUSHAN JHA,male,68.0,BR2025AC86
JALE,87,,Darbhanga,JIBESH KUMAR,Bharatiya Janata Party,,100496,21862,,LATE RAM KRIPAL MISHRA,male,52.0,BR2025AC87
GAIGHAT,88,,Muzaffarpur,KOMAL SINGH,Janata Dal (United),,108104,23417,,DINESH PRASAD SINGH,female,30.0,BR2025AC88
AURAI,89,,Muzaffarpur,RAMA NISHAD,Bharatiya Janata Party,,104085,57206,,AJAY NISHAD,female,58.0,BR2025AC89
MINAPUR,90,,Muzaffarpur,AJAY KUMAR,Janata Dal (United),,113411,34238,,,,,BR2025AC90
BOCHAHAN,91,,Muzaffarpur,BABY KUMARI,Lok Janshakti Party (Ram Vilas),,108186,20316,,UMESH PRASAD,female,48.0,BR2025AC91
SAKRA,92,,Muzaffarpur,ADITYA KUMAR,Janata Dal (United),,98723,15050,,,,,BR2025AC92
KURHANI,93,,Muzaffarpur,KEDAR PD GUPTA,Bharatiya Janata Party,,107811,9718,,LATE RAMAVTAR SAH,male,61.0,BR2025AC93
MUZAFFARPUR,94,,Muzaffarpur,RANJAN KUMAR,Bharatiya Janata Party,,100477,32657,,,,,BR2025AC94
KANTI,95,,Muzaffarpur,AJIT KUMAR,Janata Dal (United),,117299,25795,,,,,BR2025AC95
BARURAJ,96,,Muzaffarpur,ARUN KUMAR SINGH,Bharatiya Janata Party,,96879,29052,,,,,BR2025AC96
PAROO,97,,Muzaffarpur,SHANKAR PRASAD,Rashtriya Janata Dal,,95272,28827,,,,,BR2025AC97
SAHEBGANJ,98,,Muzaffarpur,RAJU KUMAR SINGH,Bharatiya Janata Party,,106322,13522,,SRI UDAY PRATAP SINGH,male,55.0,BR2025AC98
BAIKUNTHPUR,99,,Gopalganj,MITHILESH TIWARI,Bharatiya Janata Party,,104133,16953,,LATE DEONARAYAN TIWARI,male,54.0,BR2025AC99
BARAULI,100,,Gopalganj,MANJEET KUMAR SINGH,Janata Dal (United),,88657,12374,,LATE BRAJ KISHORE NARAYAN SINGH,male,53.0,BR2025AC100
GOPALGANJ,101,,Gopalganj,SUBHASH SINGH,Bharatiya Janata Party,,96892,28972,,Binod Kumar Singh,male,49.0,BR2025AC101
KUCHAIKOTE,102,,Gopalganj,AMRENDRA KUMAR PANDEY,Janata Dal (United),,101425,24491,,LATE RAMASHISH PANDEY,male,51.0,BR2025AC102
BHOREY,103,,Gopalganj,SUNIL KUMAR,Janata Dal (United),,101469,16163,,,,,BR2025AC103
HATHUA,104,,Gopalganj,RAMSEWAK SINGH,Janata Dal (United),,92121,12348,,Rajbali Singh,male,53.0,BR2025AC104
SIWAN,105,,Siwan,MANGAL PANDEY,Bharatiya Janata Party,,92379,9370,,AWADHESH PANDEY,male,52.0,BR2025AC105
ZIRADEI,106,,Siwan,BHISM PRATAP SINGH,Janata Dal (United),,66227,2626,,ANIRUDH BHAGAT,male,54.0,BR2025AC106
DARAULI,107,,Siwan,VISHNU DEO PASWAN,Lok Janshakti Party (Ram Vilas),,83014,9572,,UMA SHANKER,male,33.0,BR2025AC107
RAGHUNATHPUR,108,,Siwan,OSAMA SHAHAB,Rashtriya Janata Dal,,88278,9248,,Late MD. SHAHABUDDIN,male,31.0,BR2025AC108
DARAUNDA,109,,Siwan,KARNJEET SINGH ALIAS VYAS SINGH,Bharatiya Janata Party,,87047,18367,,LATE BACHCHA SINGH,male,50.0,BR2025AC109
BARHARIA,110,,Siwan,INDRADEV SINGH,Janata Dal (United),,93600,12136,,KAILASH SINGH,male,60.0,BR2025AC110
GORIAKOTHI,111,,Siwan,DEVESH KANT SINGH,Bharatiya Janata Party,,105909,12385,,LATE BHUMENDRA NARAIN SINGH,male,57.0,BR2025AC111
MAHARAJGANJ,112,,Siwan,HEM NARAYAN SAH,Janata Dal (United),,86813,21099,,SHIVJI SAH,male,63.0,BR2025AC112
EKMA,113,,Saran,MANORANJAN SINGH,Janata Dal (United),,84077,22708,,LATE BACHCHA SINGH,male,66.0,BR2025AC113
MANJHI,114,,Saran,RANDHIR KUMAR SINGH,Janata Dal (United),,68455,9787,,PRABHUNATH SINGH,male,42.0,BR2025AC114
BANIAPUR,115,,Saran,KEDAR NATH SINGH,Bharatiya Janata Party,,95606,15436,,Basudeo Singh,male,61.0,BR2025AC115
TARAIYA,116,,Saran,JANAK SINGH,Bharatiya Janata Party,,85564,1329,,KHEDARAN SINGH,male,64.0,BR2025AC116
MARHAURA,117,,Saran,JITENDRA KUMAR RAI,Rashtriya Janata Dal,,86118,27928,,YADUBANSHI RAI,male,46.0,BR2025AC117
CHAPRA,118,,Saran,CHHOTI KUMARI,Bharatiya Janata Party,,86845,7600,,DHARMENDRA KUMAR SAH,female,35.0,BR2025AC118
GARKHA,119,,Saran,SURENDRA RAM,Rashtriya Janata Dal,,91134,12804,,PARMESHWAR RAM,male,45.0,BR2025AC119
AMNOUR,120,,Saran,KRISHAN KUMAR MANTOO,Bharatiya Janata Party,,75525,3808,,LAKSHMI NARAYAN SINGH,male,47.0,BR2025AC120
PARSA,121,,Saran,KARISHMA,Rashtriya Janata Dal,,89093,25772,,VIJAY KUMAR SINGH,female,47.0,BR2025AC121
SONEPUR,122,,Saran,VINAY KUMAR SINGH,Bharatiya Janata Party,,90842,4767,,GANESH SINGH,male,62.0,BR2025AC122
HAJIPUR,123,,Vaishali,AWADHESH SINGH,Bharatiya Janata Party,,113221,18509,,MAHENDRA SINGH,male,55.0,BR2025AC123
LALGANJ,124,,Vaishali,SANJAY KUMAR SINGH,Bharatiya Janata Party,,127650,32167,,,,,BR2025AC124
VAISHALI,125,,Vaishali,SIDDHARTH PATEL,Janata Dal (United),,108377,32590,,BIPIN BIHARI PATEL,male,53.0,BR2025AC125
MAHUA,126,,Vaishali,SANJAY KUMAR SINGH,Lok Janshakti Party (Ram Vilas),,87641,44997,,LATE BISHNUDEO SINGH,male,58.0,BR2025AC126
RAJA PAKAR,127,,Vaishali,MAHENDRA RAM,Janata Dal (United),,96258,48189,,YOGI RAM,male,48.0,BR2025AC127
RAGHOPUR,128,,Vaishali,TEJASHWI PRASAD YADAV,Rashtriya Janata Dal,,118597,14532,,LALU PRASAD,male,36.0,BR2025AC128
MAHNAR,129,,Vaishali,UMESH SINGH KUSHWAHA,Janata Dal (United),,98050,38558,,BASUDEO SINGH,male,51.0,BR2025AC129
PATEPUR,130,,Vaishali,LAKHENDRA KUMAR RAUSHAN,Bharatiya Janata Party,,108356,22380,,NAGESHWAR PASWAN,male,46.0,BR2025AC130
KALYANPUR,131,,Samastipur,MAHESHWAR HAZARI,Janata Dal (United),,118162,38586,,RAM SEWAK HAZARI,male,63.0,BR2025AC131
WARISNAGAR,132,,Samastipur,MANJARIK MRINAL,Janata Dal (United),,108968,34436,,ASHOK KUMAR,male,36.0,BR2025AC132
SAMASTIPUR,133,,Samastipur,ASHWAMEDH DEVI,Janata Dal (United),,95728,13875,,LT. PRADIP MAHTO,female,62.0,BR2025AC133
UJIARPUR,134,,Samastipur,ALOK KUMAR MEHTA,Rashtriya Janata Dal,,102707,16283,,TULSIDAS MEHTA,male,58.0,BR2025AC134
MORWA,135,,Samastipur,RANVIJAY SAHU,Rashtriya Janata Dal,,77770,8671,,MAGANLAL SAH,male,49.0,BR2025AC135
SARAIRANJAN,136,,Samastipur,VIJAY KUMAR CHOUDHARY,Janata Dal (United),,102792,20798,,LATE JAGDISH PRASAD CHOUDHARY,male,68.0,BR2025AC136
MOHIUDDINNAGAR,137,,Samastipur,RAJESH KUMAR SINGH,Bharatiya Janata Party,,89208,11682,,,,,BR2025AC137
BIBHUTIPUR,138,,Samastipur,AJAY KUMAR,Communist Party of India (M),,79246,10281,,,,,BR2025AC138
ROSERA,139,,Samastipur,BIRENDRA KUMAR,Bharatiya Janata Party,,122773,50533,,,,,BR2025AC139
HASANPUR,140,,Samastipur,RAJ KUMAR RAY,Janata Dal (United),,90961,7914,,RAM PYARE YADAV,male,53.0,BR2025AC140
CHERIA - BARIARPUR,141,,Begusarai,ABHISHEK ANAND,Janata Dal (United),,75081,4119,,CHANDRASHEKHAR VERMA,male,42.0,BR2025AC141
BACHHWARA,142,,Begusarai,SURENDRA MEHTA,Bharatiya Janata Party,,100343,15841,,PALLAV MEHTA,male,66.0,BR2025AC142
TEGHRA,143,,Begusarai,RAJNISH KUMAR,Bharatiya Janata Party,,112770,35364,,YOGENDRA SINGH,male,52.0,BR2025AC143
MATIHANI,144,,Begusarai,NARENDRA KUMAR SINGH ALIAS BOGO SINGH,Rashtriya Janata Dal,,117789,5290,,SATYA NARAYAN SINGH,male,59.0,BR2025AC144
SAHEBPUR KAMAL,145,,Begusarai,SATTANAND SAMBUDDHA ALIAS LALAN JEE,Rashtriya Janata Dal,,76798,15721,,NARAYAN AJAD,male,60.0,BR2025AC145
BEGUSARAI,146,,Begusarai,KUNDAN KUMAR,Bharatiya Janata Party,,119506,30632,,,,,BR2025AC146
BAKHRI,147,,Begusarai,SANJAY KUMAR,Lok Janshakti Party (Ram Vilas),,98511,17318,,,,,BR2025AC147
ALAULI,148,,Khagaria,RAM CHANDRA SADA,Janata Dal (United),,93208,35732,,SHIVLAL SADA,male,61.0,BR2025AC148
KHAGARIA,149,,Khagaria,BABLU KUMAR,Janata Dal (United),,93988,23415,,ARVIND KUMAR MANDAL,male,47.0,BR2025AC149
BELDAUR,150,,Khagaria,PANNA LAL SINGH PATEL,Janata Dal (United),,106262,35175,,CHANDRA KISHORE SINGH PATEL,male,76.0,BR2025AC150
PARBATTA,151,,Khagaria,BABULAL SHORYA,Lok Janshakti Party (Ram Vilas),,118677,34039,,OUM TATSAT KUMAR,male,38.0,BR2025AC151
BIHPUR,152,,Bhagalpur,KUMAR SHAILENDRA,Bharatiya Janata Party,,91458,30025,,Kumar Nityanand Singh,male,58.0,BR2025AC152
GOPALPUR,153,,Bhagalpur,SHAILESH KUMAR ALIAS BULO MANDAL,Janata Dal (United),,108630,58135,,UPENDRA MANDAL,male,49.0,BR2025AC153
PIRPAINTI,154,,Bhagalpur,MURARI PASAVAN,Bharatiya Janata Party,,140608,53107,,KHOKHA PASWAN,male,54.0,BR2025AC154
KAHALGAON,155,,Bhagalpur,SHUBHANAND MUKESH,Janata Dal (United),,130767,50112,,,,,BR2025AC155
BHAGALPUR,156,,Bhagalpur,ROHIT PANDEY,Bharatiya Janata Party,,100770,13474,,AJAY KUMAR PANDEY,male,42.0,BR2025AC156
SULTANGANJ,157,,Bhagalpur,LALIT NARAYAN MANDAL,Janata Dal (United),,108712,31136,,CHHABILA MANDAL,male,67.0,BR2025AC157
NATHNAGAR,158,,Bhagalpur,MITHUN KUMAR,Lok Janshakti Party (Ram Vilas),,118143,25424,,RAJENDRA PRASAD YADAV,male,39.0,BR2025AC158
AMARPUR,159,,Banka,JAYANT RAJ,Janata Dal (United),,103944,33221,,LATE JANARDAN MANJHI,male,40.0,BR2025AC159
DHORAIYA,160,,Banka,MANISH KUMAR,Janata Dal (United),,113011,22426,,,,,BR2025AC160
BANKA,161,,Banka,RAM NARAYAN MANDAL,Bharatiya Janata Party,,95588,23764,,LATE CHANDASI MANDAL,male,72.0,BR2025AC161
KATORIA,162,,Banka,PURAN LAL TUDU,Bharatiya Janata Party,,94260,10986,,PITHU TUDU,male,37.0,BR2025AC162
BELHAR,163,,Banka,MANOJ YADAV,Janata Dal (United),,115393,37206,,CHANDRA SHEKHAR YADAV,male,50.0,BR2025AC163
TARAPUR,164,,Munger,SAMRAT CHOUDHARY,Bharatiya Janata Party,,122480,45843,,SHAKUNI CHOUDHARY,male,56.0,BR2025AC164
MUNGER,165,,Munger,KUMAR PRANAY,Bharatiya Janata Party,,108028,18750,,BHOLA PRASAD CHOUDHARY,male,52.0,BR2025AC165
JAMALPUR,166,,Munger,NACHIKETA,Janata Dal (United),,96683,36228,,BRAHMANAND MANDAL,male,42.0,BR2025AC166
SURYAGARHA,167,,Lakhisarai,RAMANAND MANDAL,Janata Dal (United),,101968,23861,,SUKHO MANDAL,male,59.0,BR2025AC167
LAKHISARAI,168,,Lakhisarai,VIJAY KUMAR SINHA,Bharatiya Janata Party,,122408,24940,,SHARDA RAMAN SINGH,male,58.0,BR2025AC168
SHEIKHPURA,169,,Sheikhpura,RANDHIR KUMAR SONI,Janata Dal (United),,82922,22547,,RAM CHANDRA PRASAD,male,50.0,BR2025AC169
BARBIGHA,170,,Sheikhpura,DR. KUMAR PUSPANJAY,Janata Dal (United),,61882,25493,,RAGHUNATH PRASAD SHARMA,male,62.0,BR2025AC170
ASTHAWAN,171,,Nalanda,JITENDRA KUMAR,Janata Dal (United),,90542,40708,,AYODHYA PRASAD,male,53.0,BR2025AC171
BIHARSHARIF,172,,Nalanda,DR. SUNIL KUMAR,Bharatiya Janata Party,,109304,29168,,BHAGWAT PRASAD,male,68.0,BR2025AC172
RAJGIR,173,,Nalanda,KAUSHAL KISHORE,Janata Dal (United),,107811,55428,,Satyadeo Narain Arya,male,52.0,BR2025AC173
ISLAMPUR,174,,Nalanda,RUHAIL RANJAN,Janata Dal (United),,100487,32239,,RAJIB RANJAN,male,44.0,BR2025AC174
HILSA,175,,Nalanda,KRISHNA MURARI SHARAN,Janata Dal (United),,96009,16012,,,,,BR2025AC175
NALANDA,176,,Nalanda,SHRAWON KUMAR,Janata Dal (United),,105432,33008,,Hari Singh,male,66.0,BR2025AC176
HARNAUT,177,,Nalanda,HARI NARAYAN SINGH,Janata Dal (United),,106954,48335,,SHIVDAT PRASAD,male,78.0,BR2025AC177
MOKAMA,178,,Patna,ANANT KUMAR SINGH,Janata Dal (United),,91416,28206,,CHANDRADEEP SINGH,male,64.0,BR2025AC178
BARH,179,,Patna,SIYARAM SINGH,Bharatiya Janata Party,,99446,24813,,SHYAMNANDAN PRASAD SINGH,male,48.0,BR2025AC179
BAKHTIARPUR,180,,Patna,ARUN KUMAR S/O SATRUGHAN SAO,Lok Janshakti Party (Ram Vilas),,88520,981,,SHATRUGHAN SAO,male,51.0,BR2025AC180
DIGHA,181,,Patna,SANJIV CHAURASIA,Bharatiya Janata Party,,111001,59079,,GANGA PRASAD,male,56.0,BR2025AC181
BANKIPUR,182,,Patna,NITIN NABIN,Bharatiya Janata Party,,98299,51936,,NAVIN KISHORE PRASAD SINHA,male,45.0,BR2025AC182
KUMHRAR,183,,Patna,SANJAY KUMAR,Bharatiya Janata Party,,100485,47524,,,,,BR2025AC183
PATNA SAHIB,184,,Patna,RATNESH KUMAR,Bharatiya Janata Party,,130366,38900,,DHARM DAS MAHTO,male,45.0,BR2025AC184
FATUHA,185,,Patna,DR. RAMANAND YADAV,Rashtriya Janata Dal,,90558,7992,,DAHU ROY,male,69.0,BR2025AC185
DANAPUR,186,,Patna,RAM KRIPAL YADAV,Bharatiya Janata Party,,119877,29133,,LATE KISHORI PRASAD YADAV,male,64.0,BR2025AC186
MANER,187,,Patna,BHAI BIRENDRA,Rashtriya Janata Dal,,110798,20034,,RAJENDRA PRASAD RAI,male,64.0,BR2025AC187
PHULWARI,188,,Patna,SHYAM RAJAK,Janata Dal (United),,126470,32657,,REET NARAYAN LAL RAJAK,male,71.0,BR2025AC188
MASAURHI,189,,Patna,ARUN MANJHI,Janata Dal (United),,106505,7643,,SIJAPI MANJHI,male,53.0,BR2025AC189
PALIGANJ,190,,Patna,SANDEEP SAURAV,Communist Party of India ,,81105,6655,,,,,BR2025AC190
BIKRAM,191,,Patna,SIDDHARTH SAURAV,Bharatiya Janata Party,,101189,5601,,UTPAL KANT SINGH,male,44.0,BR2025AC191
SANDESH,192,,Bhojpur,RADHA CHARAN SAH,Janata Dal (United),,80598,27,,HARIVANSH SAH,male,67.0,BR2025AC192
BARHARA,193,,Bhojpur,RAGHVENDRA PRATAP SINGH,Bharatiya Janata Party,,79593,14403,,AMBIKA SHARAN SINGH,male,72.0,BR2025AC193
ARRAH,194,,Bhojpur,SANJAY SINGH (TIGER),Bharatiya Janata Party,,94201,19581,,Madhav Singh,male,55.0,BR2025AC194
AGIAON,195,,Bhojpur,MAHESH PASWAN,Bharatiya Janata Party,,69412,95,,RAMCHHAPIT RAM,male,48.0,BR2025AC195
TARARI,196,,Bhojpur,VISHAL PRASHANT,Bharatiya Janata Party,,96887,11464,,NARENDRA KUMAR PANDEY,male,35.0,BR2025AC196
JAGDISHPUR,197,,Bhojpur,SRIBHAGWAN SINGH KUSHWAHA,Janata Dal (United),,92974,18193,,DEVDHARI SINGH,male,61.0,BR2025AC197
SHAHPUR,198,,Bhojpur,RAKESH RANJAN,Bharatiya Janata Party,,88655,15225,,VISHESHWAR OJHA,male,30.0,BR2025AC198
BRAHAMPUR,199,,Buxar,SHAMBHU NATH YADAV,Rashtriya Janata Dal,,95828,3220,,LATE HARDEO YADAV,male,61.0,BR2025AC199
BUXAR,200,,Buxar,ANAND MISHRA,Bharatiya Janata Party,,84901,28353,,PARAM HANS MISHRA,male,44.0,BR2025AC200
DUMRAON,201,,Buxar,RAHUL KUMAR SINGH,Janata Dal (United),,79411,2105,,,,,BR2025AC201
RAJPUR,202,,Buxar,SANTOSH KUMAR NIRALA,Janata Dal (United),,80701,9136,,RAM LAL RAM,male,50.0,BR2025AC202
RAMGARH,203,,Kaimur,SATISH KUMAR SINGH YADAV,Bahujan Samaj Party,,72689,30,,AGANU SINGH YADAV,male,39.0,BR2025AC203
MOHANIA,204,,Kaimur,SANGITA KUMARI,Bharatiya Janata Party,,76290,18752,,JAYENDRA KUMAR,female,40.0,BR2025AC204
BHABUA,205,,Kaimur,BHARAT BIND,Bharatiya Janata Party,,80039,24415,,Ramdhani Bind,male,67.0,BR2025AC205
CHAINPUR,206,,Kaimur,MD. ZAMA KHAN,Janata Dal (United),,70876,8362,,SHAHEB ZAMA KHAN,male,52.0,BR2025AC206
CHENARI,207,,Rohtas,MURARI PRASAD GAUTAM,Lok Janshakti Party (Ram Vilas),,95579,21988,,MAHENDRA RAM,male,45.0,BR2025AC207
SASARAM,208,,Rohtas,SNEHLATA,Rashtriya Lok Morcha,,105006,25443,,UPENDRA PRASAD SINGH,female,56.0,BR2025AC208
KARGAHAR,209,,Rohtas,BASHISTH SINGH,Janata Dal (United),,92485,35676,,RAMASHRAY SINGH,male,52.0,BR2025AC209
DINARA,210,,Rohtas,ALOK KUMAR SINGH,Rashtriya Lok Morcha,,78338,10834,,RAMESHWAR SINGH,male,49.0,BR2025AC210
NOKHA,211,,Rohtas,NAGENDRA CHANDRAVANSHI,Janata Dal (United),,93193,24054,,SANTU SINGH,male,49.0,BR2025AC211
DEHRI,212,,Rohtas,RAJEEV RANJAN SINGH,Lok Janshakti Party (Ram Vilas),,104022,35968,,LALAN SINGH,male,41.0,BR2025AC212
KARAKAT,213,,Rohtas,ARUN SINGH (VILL-AJNAP TOLA),Communist Party of India (ML),,74157,2836,,,,,BR2025AC213
ARWAL,214,,Arwal,MANOJ KUMAR,Bharatiya Janata Party,,79854,14093,,,,,BR2025AC214
KURTHA,215,,Arwal,PAPPU KUMAR VERMA,Janata Dal (United),,74466,5481,,DEVNANDAN MAHTO,male,47.0,BR2025AC215
JEHANABAD,216,,Jehanabad,RAHUL KUMAR,Rashtriya Janata Dal,,86402,793,,,,,BR2025AC216
GHOSI,217,,Jehanabad,RITURAJ KUMAR,Janata Dal (United),,80740,11929,,DR. ARUN KUMAR,male,36.0,BR2025AC217
MAKHDUMPUR,218,,Jehanabad,SUBEDAR DAS,Rashtriya Janata Dal,,74769,1830,,Ramun Das,male,60.0,BR2025AC218
GOH,219,,Aurangabad,AMRENDRA KUMAR,Rashtriya Janata Dal,,93624,4041,,,,,BR2025AC219
OBRA,220,,Aurangabad,PRAKASH CHANDRA,Lok Janshakti Party (Ram Vilas),,91638,12013,,BHAGWAN PRASAD,male,47.0,BR2025AC220
NABINAGAR,221,,Aurangabad,CHETAN ANAND,Janata Dal (United),,80380,112,,ANAND MOHAN,male,33.0,BR2025AC221
KUTUMBA,222,,Aurangabad,LALAN RAM,Hindustani Awam Morcha (Secular),,84727,21525,,YUGESH BHUIYAN,male,50.0,BR2025AC222
AURANGABAD,223,,Aurangabad,TRIVIKRAM NARAYAN SINGH,Bharatiya Janata Party,,87200,6794,,Gopal Narayan Singh,male,46.0,BR2025AC223
RAFIGANJ,224,,Aurangabad,PRAMOD KUMAR SINGH,Janata Dal (United),,107515,11956,,SHANKAR DAYAL SINGH,male,59.0,BR2025AC224
GURUA,225,,Gaya,UPENDRA PRASAD,Bharatiya Janata Party,,99758,24194,,,,,BR2025AC225
SHERGHATI,226,,Gaya,UDAY KUMAR SINGH,Lok Janshakti Party (Ram Vilas),,77270,13524,,NARAYAN SINGH,male,52.0,BR2025AC226
IMAMGANJ,227,,Gaya,DEEPA KUMARI,Hindustani Awam Morcha (Secular),,104861,25856,,SANTOSH KUMAR SUMAN,female,45.0,BR2025AC227
BARACHATTI,228,,Gaya,JYOTI DEVI,Hindustani Awam Morcha (Secular),,108271,8893,,BALESHWAR PRASAD,female,60.0,BR2025AC228
BODH GAYA,229,,Gaya,KUMAR SARVJEET,Rashtriya Janata Dal,,100236,881,,RAJESH KUMAR,male,50.0,BR2025AC229
GAYA TOWN,230,,Gaya,PREM KUMAR,Bharatiya Janata Party,,90878,26423,,SHYAM NARAYAN RAM,male,70.0,BR2025AC230
TIKARI,231,,Gaya,AJAY KUMAR,Rashtriya Janata Dal,,97550,2058,,SARYU MAHTO,male,47.0,BR2025AC231
BELAGANJ,232,,Gaya,MANORMA DEVI,Janata Dal (United),,95685,2882,,BINDESHWARI PRASAD YADAV,female,56.0,BR2025AC232
ATRI,233,,Gaya,ROMIT KUMAR,Hindustani Awam Morcha (Secular),,102102,25777,,ARVIND KUMAR,male,37.0,BR2025AC233
WAZIRGANJ,234,,Gaya,BIRENDRA SINGH,Bharatiya Janata Party,,94574,12733,,LATE YUGESHWAR SINGH,male,70.0,BR2025AC234
RAJAULI,235,,Nawada,VIMAL RAJBANSHI,Lok Janshakti Party (Ram Vilas),,90272,3953,,CHANDO RAJBANSHI,male,59.0,BR2025AC235
HISUA,236,,Nawada,ANIL SINGH,Bharatiya Janata Party,,95885,27849,,Late Ramsharan Singh,male,54.0,BR2025AC236
NAWADA,237,,Nawada,VIBHA DEVI,Janata Dal (United),,87423,27594,,RAJBALLABH PRASAD,female,59.0,BR2025AC237
GOBINDPUR,238,,Nawada,BINITA MEHTA,Lok Janshakti Party (Ram Vilas),,72581,22906,,Anil Mehta,female,42.0,BR2025AC238
WARSALIGANJ,239,,Nawada,ANITA,Rashtriya Janata Dal,,97833,7543,,ANAND MOHAN SINGH,female,54.0,BR2025AC239
SIKANDRA,240,,Jamui,PRAPHULL KUMAR MANJHI,Hindustani Awam Morcha (Secular),,91603,23907,,SINDHESHWAR MANJHI,male,58.0,BR2025AC240
JAMUI,241,,Jamui,SHREYASI SINGH,Bharatiya Janata Party,,123868,54498,,Late Digvijay Singh,female,34.0,BR2025AC241
JHAJHA,242,,Jamui,DAMODAR RAWAT,Janata Dal (United),,108317,4262,,Gulab Rawat,male,66.0,BR2025AC242
CHAKAI,243,,Jamui,SAVITRI DEVI,Rashtriya Janata Dal,,80357,12972,,Falguni Prasad Yadav,female,77.0,BR2025AC243
